name,price,speed,modules,price_per_gb,color,first_word_latency,cas_latency
Silicon Power SP016GLLTU160N22 16 GB,16.95,"3,1600","2,8",1.059,Green,13.75,11
Crucial CT51264BA160B 4 GB,10.29,"3,1600","1,4",2.572,Green,13.75,11
Patriot Viper 3 16 GB,25.99,"3,1866","2,8",1.624,Black / Silver,10.718,10
Corsair Vengeance 16 GB,75.98,"3,1600","2,8",4.749,Black / Yellow,11.25,9
Patriot Signature 8 GB,18.98,"3,1600","1,8",2.373,Black / Green,13.75,11
G.Skill Ripjaws X 16 GB,36.99,"3,1600","2,8",2.312,Black / Red,12.5,10
Kingston HyperX Fury 16 GB,,"3,1866","2,8",,Black / Silver,10.718,10
G.Skill Ripjaws X 8 GB,32.52,"3,1600","2,4",4.065,Black / Red,11.25,9
Corsair VS2GB1333D3 G 2 GB,,"3,1333","1,2",,Black / White,13.503,9
Timetec 75TT133U2R8-8G 8 GB,11.99,"3,1333","1,8",1.499,Green / Black,13.503,9
Patriot Signature 8 GB,14.99,"3,1600","1,8",1.874,Blue / Silver,13.75,11
TEAMGROUP Elite 16 GB,16.98,"3,1600","2,8",1.061,Black,13.75,11
Kingston KVR1333D3N9HK4/32G 32 GB,,"3,1333","4,8",,Green,13.503,9
Samsung M378B5173DB0-CK0 4 GB,18.89,"3,1600","1,4",4.723,Green,13.75,11
Kingston HyperX Fury 16 GB,,"3,1600","2,8",,Blue / Silver,12.5,10
Crucial CT2KIT51264BD160B 8 GB,20.89,"3,1600","2,4",2.611,Green,13.75,11
G.Skill Ripjaws Z 32 GB,,"3,1600","4,8",,Black / Red,12.5,10
Patriot Viper 3 16 GB,25.99,"3,1600","2,8",1.624,Black / Silver,11.25,9
Timetec FBA_75TT160UL1R8-4G 16 GB,16.98,"3,1600","2,8",1.061,Black,13.75,11
Kingston KVR1333D3N9HK2/8G 8 GB,49.99,"3,1333","2,4",6.249,Green,13.503,9
Corsair Vengeance 8 GB,60.98,"3,1600","2,4",7.622,Black / Silver,11.25,9
SK Hynix HMT41GU6MFR8C-PB 8 GB,,"3,1600","1,8",,Blue,13.75,11
G.Skill Value 4 GB,14.72,"3,1600","1,4",3.68,Green,13.75,11
Samsung M471B5273DH0-CK0 4 GB,10.25,"3,1600","1,4",2.562,Green,13.75,11
Crucial CT102464BD160B 8 GB,16.98,"3,1600","1,8",2.123,Black / Green,13.75,11
Corsair Vengeance 32 GB,,"3,2133","4,8",,Black / Silver,9.376,10
Corsair Vengeance 16 GB,149.06,"3,1600","4,4",9.316,Black / Yellow,11.25,9
Kingston HyperX Fury 8 GB,,"3,1600","2,4",,Black / Silver,12.5,10
Kingston KVR16N11/8 8 GB,24.36,"3,1600","1,8",3.045,Green,13.75,11
Kingston HyperX Fury 8 GB,,"3,1600","1,8",,Blue / Silver,12.5,10
G.Skill Ripjaws X 16 GB,49.61,"3,1600","2,8",3.101,Black / Blue,11.25,9
G.Skill NS 2 GB,12.7,"3,1333","1,2",6.35,Green,13.503,9
Corsair ValueSelect 4 GB,36.2,"3,1600","1,4",9.05,Black / Green,13.75,11
Micron MT8JTF25664AZ-1G4D1 2 GB,22.1,"3,1333","1,2",11.05,,13.503,9
Kingston KVR1333D3N9/4G 4 GB,21.22,"3,1333","1,4",5.305,Green,13.503,9
G.Skill Ripjaws X 32 GB,98.37,"3,1600","4,8",3.074,Black / Blue,11.25,9
SK Hynix HMT351U7BFR8A-H9 4 GB,,"3,1333","1,4",,Blue / Black,13.503,9
Crucial Ballistix Sport 16 GB,99.97,"3,1600","2,8",6.248,Black / Silver,11.25,9
Crucial CT2KIT12864BA160B 2 GB,995,"3,1600","2,1",497.5,Black / Green,13.75,11
Kingston HyperX Fury 8 GB,,"3,1600","1,8",,Black / Silver,12.5,10
Corsair Dominator Platinum 8 GB,,"3,3200","2,4",,Black / Silver,8.125,13
Kingston HyperX Fury 16 GB,,"3,1866","2,8",,Red / Silver,10.718,10
G.Skill Trident X 32 GB,184.7,"3,2400","4,8",5.772,Black / Red,8.333,10
Corsair Vengeance 8 GB,84.75,"3,1600","2,4",10.594,Black / Blue,11.25,9
G.Skill NS 4 GB,19.05,"3,1600","1,4",4.763,Black,13.75,11
Corsair Vengeance LP 16 GB,79.98,"3,1600","2,8",4.999,Black / Yellow,12.5,10
Crucial CT102464BA160B 8 GB,18,"3,1600","1,8",2.25,Green,13.75,11
Crucial CT2K102464BD186D 16 GB,29.29,"3,1866","2,8",1.831,Green / Black,13.934,13
Crucial CT12864BA1067 1 GB,,"3,1066","1,1",,Green,13.133,7
Patriot Viper 3 16 GB,25.99,"3,1600","2,8",1.624,Black / Silver,12.5,10
Kingston KVR1333D3/2GR 2 GB,22.1,"3,1333","1,2",11.05,Green,13.503,9
Patriot PSD34G160081 4 GB,13.98,"3,1600","1,4",3.495,Green,13.75,11
G.Skill Ripjaws X 16 GB,64.19,"3,2400","2,8",4.012,Black / Blue,9.167,11
TEAMGROUP Elite 4 GB,16.52,"3,1600","1,4",4.13,Black,13.75,11
Kingston HyperX Fury 4 GB,,"3,1600","1,4",,Blue / Silver,12.5,10
Kingston HyperX T1 8 GB,,"3,1600","2,4",,Blue,11.25,9
G.Skill Trident X 16 GB,136.16,"3,2400","2,8",8.51,Black / Red,8.333,10
Crucial CT25664BA160B 2 GB,12.97,"3,1600","1,2",6.485,Green,13.75,11
G.Skill Ripjaws X 8 GB,,"3,1600","2,4",,Black / Blue,8.75,7
Samsung M393B2G70DB0-YK0 16 GB,17.51,"3,1600","1,16",1.094,Black / Green,13.75,11
Crucial Ballistix Sport 8 GB,59.71,"3,1600","1,8",7.464,Black / Silver,11.25,9
Kingston HyperX Fury 8 GB,,"3,1600","2,4",,Blue / Silver,12.5,10
Corsair Vengeance Pro 16 GB,,"3,1600","2,8",,Black / Red,11.25,9
Silicon Power SU016GLSTU160N22AH 16 GB,16.95,"3,1600","2,8",1.059,Green,13.75,11
G.Skill Value 16 GB,36.33,"3,1600","2,8",2.271,Black,13.75,11
Mushkin 996573 4 GB,18.39,"3,1066","2,2",4.598,Green,13.133,7
Patriot Viper 3 8 GB,,"3,1600","2,4",,Black / Silver,11.25,9
G.Skill Trident X Series 16 GB,,"3,2933","2,8",,,8.183,12
G.Skill Sniper 8 GB,35.17,"3,1600","2,4",4.396,Black / Red,11.25,9
G.Skill Ripjaws X 16 GB,57.25,"3,1600","4,4",3.578,Black / Red,11.25,9
Corsair Vengeance 8 GB,39.99,"3,1600","1,8",4.999,Black / Silver,12.5,10
Kingston KVR13LL9Q4K4/128I 128 GB,,"3,1333","4,32",,Silver,13.503,9
Micron MT8JTF51264AZ-1G6E1 4 GB,11.99,"3,1600","1,4",2.998,Black / Green,13.75,11
Samsung M386B4G70DM0-YK0 32 GB,,"3,1600","1,32",,Silver,13.75,11
Kingston ValueRAM 1 GB,24.9,"3,1333","1,1",24.9,Green,13.503,9
G.Skill Ripjaws X 16 GB,,"3,1866","2,8",,Black / Blue,9.646,9
Corsair Dominator Platinum 32 GB,375.54,"3,1600","4,8",11.736,Black / Silver,8.75,7
Kingston HyperX Fury 4 GB,,"3,1600","1,4",,Black,12.5,10
Corsair Dominator Platinum 16 GB,423.1,"3,2400","4,4",26.444,Black / Silver,7.5,9
Kingston KVR16N11K2/16 16 GB,64.98,"3,1600","2,8",4.061,Green,13.75,11
Crucial Ballistix Sport 4 GB,29,"3,1600","1,4",7.25,Black / Silver,11.25,9
G.Skill Sniper 16 GB,199,"3,1866","2,8",12.438,Black / Red,9.646,9
G.Skill Ares 32 GB,106.85,"3,2400","4,8",3.339,,9.167,11
TEAMGROUP Elite 8 GB,24.47,"3,1600","1,8",3.059,Black,13.75,11
Silicon Power SP008GLLTU160N02 8 GB,,"3,1600","1,8",,Green,13.75,11
G.Skill Ripjaws X 4 GB,25.23,"3,1600","2,2",6.308,Black / Red,11.25,9
G.Skill Ripjaws X 32 GB,,"3,1600","4,8",,Black / Red,12.5,10
Micron MT16JTF1G64AZ-1G6E1 8 GB,24.29,"3,1600","1,8",3.036,Green,13.75,11
G.Skill Value 8 GB,21.24,"3,1600","1,8",2.655,Black,13.75,11
Kingston HyperX Fury 16 GB,,"3,1600","2,8",,Black / Silver,12.5,10
Patriot Signature 8 GB,100.8,"3,1333","1,8",12.6,Green,13.503,9
G.Skill Ripjaws Z 8 GB,,"3,2133","4,2",,Black / Blue,8.439,9
G.Skill Value 16 GB,35.18,"3,1333","2,8",2.199,Black,13.503,9
Corsair Vengeance Pro 32 GB,,"3,1600","4,8",,Black / Red,11.25,9
G.Skill Value 8 GB,,"3,1333","2,4",,Green,13.503,9
G.Skill Sniper 8 GB,,"3,1866","2,4",,Black / Red,9.646,9
G.Skill Ripjaws X 16 GB,155.47,"3,1600","4,4",9.717,Black / Blue,11.25,9
Corsair Vengeance 16 GB,,"3,1600","2,8",,Black / Blue,11.25,9
Patriot Signature 4 GB,,"3,1333","1,4",,,13.503,9
ADATA AD3U1600W8G11-R 8 GB,,"3,1600","1,8",,Black / Green,13.75,11
Kingston KVR16R11D4K4/64 64 GB,114.36,"3,1600","4,16",1.787,Green,13.75,11
G.Skill Value 4 GB,14.41,"3,1333","1,4",3.603,Green,13.503,9
Kingston HyperX Fury 16 GB,,"3,1600","2,8",,Red / Silver,12.5,10
Kingston KVR16LN11K2/8 8 GB,62.36,"3,1600","2,4",7.795,Black / Green,13.75,11
G.Skill Ripjaws 16 GB,32.99,"3,1600","2,8",2.062,Black / Red,11.25,9
Kingston KVR16N11H/8 8 GB,15,"3,1600","1,8",1.875,Green,13.75,11
Corsair XMS3 8 GB,,"3,1333","2,4",,Black / Silver,13.503,9
Samsung MV-3V4G3D/US 8 GB,,"3,1600","2,4",,Black,13.75,11
Kingston KVR1333D3N9K4/16G 16 GB,,"3,1333","4,4",,Green,13.503,9
Kingston HyperX Fury 16 GB,,"3,1333","2,8",,Black / Silver,13.503,9
Kingston HyperX Fury 16 GB,,"3,1866","2,8",,White / Silver,10.718,10
G.Skill Trident X 8 GB,,"3,3200","2,4",,Black / Red,8.125,13
Crucial CT2K16G3ERSLD4160B 32 GB,109.97,"3,1600","2,16",3.437,Green,13.75,11
G.Skill Sniper 8 GB,38.72,"3,2400","2,4",4.84,Black / Red,9.167,11
G.Skill Ripjaws Z 32 GB,117.07,"3,1866","4,8",3.658,Black / Red,10.718,10
Kingston KVR1333D3N9/8G 8 GB,,"3,1333","1,8",,Green,13.503,9
Kingston HyperX Beast 32 GB,,"3,1866","4,8",,Black,10.718,10
G.Skill Ripjaws Z 32 GB,137.07,"3,2400","4,8",4.283,,9.167,11
Corsair CMV16GX3M2A1333C9 16 GB,49.79,"3,1333","2,8",3.112,Green,13.503,9
Crucial CT51264BD160B 4 GB,12.99,"3,1600","1,4",3.248,Green,13.75,11
Samsung m378b5673eh1-cf8 2 GB,,"3,1066","1,2",,Green / Black,13.133,7
G.Skill Trident X 32 GB,,"3,2933","4,8",,Red / Black,8.183,12
Corsair Dominator Platinum 8 GB,270.86,"3,2800","2,4",33.858,Black / Silver,8.571,12
Corsair XMS3 4 GB,35.79,"3,1333","1,4",8.947,Black / White,13.503,9
Corsair Vengeance 8 GB,50.99,"3,1600","2,4",6.374,Black / Yellow,11.25,9
Corsair XMS3 16 GB,,"3,1600","2,8",,Black / Silver,11.25,9
Corsair Vengeance 16 GB,129.4,"3,1600","4,4",8.088,Black / Blue,11.25,9
Corsair Vengeance 32 GB,,"3,1600","4,8",,Black / Silver,11.25,9
Kingston KHX1600C10D3B1/8G 8 GB,,"3,1600","1,8",,Blue / Silver,12.5,10
Kingston KTH-PL316LLQ/32G 32 GB,,"3,1600","1,32",,Silver,13.75,11
G.Skill Ripjaws 16 GB,59.68,"3,1066","4,4",3.73,Black / Red,13.133,7
G.Skill Ripjaws X 16 GB,56.56,"3,1866","2,8",3.535,Black / Red,10.718,10
G.Skill F3-12800CL9S-2GBSQ 2 GB,13.68,"3,1600","1,2",6.84,Green,11.25,9
G.Skill Ares 16 GB,42.99,"3,1600","2,8",2.687,Blue,11.25,9
Corsair Vengeance Pro 16 GB,,"3,1866","2,8",,Black / Silver,9.646,9
Corsair Vengeance Pro 16 GB,,"3,2400","2,8",,Black / Red,9.167,11
Kingston HyperX Fury 8 GB,,"3,1600","1,8",,Red / Silver,12.5,10
Crucial Ballistix Sport 8 GB,,"3,1600","2,4",,Black / Silver,11.25,9
ADATA AD3U1600W4G11-B 4 GB,,"3,1600","1,4",,Green / Black,13.75,11
Crucial CT3KIT51264BA160B 12 GB,36.97,"3,1600","3,4",3.081,Black / Green,13.75,11
G.Skill Ripjaws X 8 GB,,"3,1866","2,4",,Black / Blue,8.574,8
Corsair Vengeance LP 16 GB,77.98,"3,1600","2,8",4.874,Black / Yellow,11.25,9
Samsung M378B5273EB0-CK0 4 GB,,"3,1600","1,4",,Green,13.75,11
G.Skill Ripjaws X 16 GB,,"3,2133","2,8",,Black / Red,10.314,11
G.Skill Trident X 16 GB,,"3,3200","4,4",,Red / Black,8.125,13
G.Skill Ripjaws X 32 GB,120.3,"3,2133","4,8",3.759,Black / Blue,9.376,10
Corsair Dominator 8 GB,185,"3,1600","4,2",23.125,Black / Blue,10,8
Corsair Dominator Platinum 8 GB,,"3,1866","2,4",,Black / Silver,9.646,9
Crucial CT2KIT51264BA160B 8 GB,31.2,"3,1600","2,4",3.9,Green,13.75,11
Crucial CT2KIT204864BF160B 32 GB,299.79,"3,1600","2,16",9.368,Black / Green,13.75,11
G.Skill NS 4 GB,20.44,"3,1333","2,2",5.11,Green,13.503,9
Corsair Vengeance 24 GB,,"3,1600","6,4",,Black / Silver,11.25,9
Kingston Value 4 GB,,"3,1333","2,2",,Green,13.503,9
Crucial Ballistix Sport 8 GB,37.9,"3,1600","2,4",4.737,Black / Silver,11.25,9
Kingston KVR16N11/2 2 GB,24.53,"3,1600","1,2",12.265,Green,13.75,11
G.Skill Sniper 16 GB,60.71,"3,2400","2,8",3.794,Black / Red,9.167,11
G.Skill Ripjaws X 8 GB,32.6,"3,1866","1,8",4.075,Black / Red,10.718,10
Crucial CT102472BA186D 8 GB,39.97,"3,1866","1,8",4.996,Green / Black,13.934,13
Kingston KVR16N11S8/4 4 GB,19.57,"3,1600","1,4",4.893,Green,13.75,11
Crucial CT25664BA1339 2 GB,14.99,"3,1333","1,2",7.495,Green,13.503,9
Kingston HyperX Blu 8 GB,,"3,1333","2,4",,Blue / Silver,13.503,9
Corsair XMS3 16 GB,,"3,1333","4,4",,Black / Silver,13.503,9
G.Skill Ripjaws X 16 GB,,"3,1333","2,8",,Black / Red,13.503,9
Kingston HyperX Savage 16 GB,,"3,2400","2,8",,Black / Red,9.167,11
Kingston KTD-PE316LLQ/32G 32 GB,250.85,"3,1600","1,32",7.839,Silver,13.75,11
G.Skill Ares 16 GB,94.06,"3,2400","2,8",5.879,Black / Blue,9.167,11
Kingston KVR16E11K4/32 32 GB,123.78,"3,1600","4,8",3.868,Green,13.75,11
G.Skill Sniper 16 GB,71.29,"3,2400","4,4",4.456,Black / Red,9.167,11
Corsair Vengeance 12 GB,84.98,"3,1600","3,4",7.082,Black / Silver,11.25,9
Crucial CT51264BD160BJ 4 GB,11.5,"3,1600","1,4",2.875,Black / Green,13.75,11
G.Skill Ripjaws X 16 GB,,"3,2133","2,8",,Black / Blue,8.439,9
Kingston KVR13N9S8/4 4 GB,15.52,"3,1333","1,4",3.88,Green,13.503,9
Patriot Viper 3 32 GB,184.17,"3,1866","4,8",5.755,Black / Silver,10.718,10
Kingston KVR13N9K3/24 24 GB,99.99,"3,1333","3,8",4.166,Green,13.503,9
Kingston HyperX Fury 8 GB,,"3,1600","2,4",,Red / Silver,12.5,10
Corsair Dominator Platinum 64 GB,,"3,2400","8,8",,Black / Silver,7.5,9
Timetec 75TT16NUL2R8-8GK2 16 GB,,"3,1600","2,8",,Green,13.75,11
Crucial CT16G3ERSLD4160B 16 GB,22.49,"3,1600","1,16",1.406,Black / Green,13.75,11
Corsair Dominator GT 12 GB,,"3,2000","3,4",,Black / Red,9,9
G.Skill Ripjaws 8 GB,34.53,"3,1600","2,4",4.316,Black / Red,11.25,9
Kingston KVR1333D3K2/2GR 2 GB,29.61,"3,1333","2,1",14.805,Green,13.503,9
Corsair Dominator Platinum 16 GB,,"3,1600","2,8",,Black / Silver,11.25,9
Crucial Ballistix Tactical 16 GB,,"3,1600","2,8",,Black / Yellow,10,8
ADATA XPG V1.0 8 GB,,"3,1600","2,4",,Blue / Silver,13.75,11
Kingston HyperX Fury 8 GB,,"3,1600","2,4",,White / Silver,12.5,10
Corsair ValueSelect 8 GB,,"3,1600","1,8",,Black / Green,13.75,11
Crucial CT8G3S160BM 8 GB,17.39,"3,1600","1,8",2.174,Black / Green,13.75,11
G.Skill Sniper 32 GB,122.87,"3,2133","4,8",3.84,Black / Red,9.376,10
Crucial CT2KIT102472BD160B 16 GB,99.49,"3,1600","2,8",6.218,Black / Green,13.75,11
G.Skill Ripjaws X 8 GB,25.23,"3,1333","1,8",3.154,Black / Red,13.503,9
G.Skill Value 8 GB,23.8,"3,1600","2,4",2.975,Black,13.75,11
G.Skill Ripjaws X 8 GB,51.94,"3,2133","2,4",6.492,Black / Blue,8.439,9
Corsair Vengeance 8 GB,,"3,2133","2,4",,Black / Blue,8.439,9
Kingston KHX1600C10D3B1K2/16G 16 GB,,"3,1600","2,8",,Blue / Silver,12.5,10
Avexir Core 8 GB,,"3,1600","2,4",,Black / Blue,11.25,9
Corsair Vengeance Pro 16 GB,,"3,1866","2,8",,Black / Red,9.646,9
Corsair Vengeance Pro 32 GB,,"3,2800","4,8",,Black / Red,8.571,12
EVGA Superclocked 8 GB,,"3,1600","2,4",,Black,11.25,9
Silicon Power SP008GLSTU160N02 8 GB,15.99,"3,1600","1,8",1.999,Green,13.75,11
G.Skill Ripjaws X 8 GB,25.18,"3,1600","1,8",3.147,Black / Red,12.5,10
G.Skill Ripjaws X 16 GB,99.18,"3,2133","2,8",6.199,Black / Blue,9.376,10
PNY NHS 8 GB,17.98,"3,1600","1,8",2.248,Black / Green,13.75,11
G.Skill Ripjaws X 8 GB,27.26,"3,1333","2,4",3.408,Black / Red,13.503,9
Patriot Signature 8 GB,122.57,"3,1600","1,8",15.321,Green,13.75,11
G.Skill Sniper Gaming 16 GB,53.96,"3,1866","2,8",3.373,Black / Red,10.718,10
Samsung M386B4G70DM0-CMA 32 GB,,"3,1866","1,32",,Silver,13.934,13
Corsair XMS3 6 GB,,"3,1333","3,2",,Black / White,13.503,9
Corsair CMV4GX3M1A1333C9 4 GB,31.98,"3,1333","1,4",7.995,Black / Silver,13.503,9
Kingston KHX1600C9D3/4G 4 GB,,"3,1600","1,4",,Blue / Silver,11.25,9
Samsung MV-3V4G4D/US 8 GB,,"3,1333","2,4",,Black,13.503,9
G.Skill F3-12800CL9D-4GBSQ 4 GB,21.64,"3,1600","2,2",5.41,Green,11.25,9
Kingston HyperX 4 GB,,"3,1866","1,4",,Blue / Silver,9.646,9
Corsair Vengeance 16 GB,,"3,1866","2,8",,Black / Red,9.646,9
Corsair Vengeance 8 GB,40.99,"3,1600","1,8",5.124,Black / Silver,11.25,9
Corsair XMS3 4 GB,36.35,"3,1600","1,4",9.088,Black / White,13.75,11
Kingston HyperX Beast 16 GB,,"3,2400","2,8",,Black,9.167,11
Crucial Ballistix Sport 32 GB,,"3,1600","4,8",,Black / Silver,11.25,9
ADATA XPG V1.0 16 GB,,"3,1600","2,8",,Black,11.25,9
Kingston HyperX Fury 8 GB,,"3,1866","2,4",,Black / Silver,10.718,10
Kingston HyperX Savage 8 GB,,"3,1600","2,4",,Black / Red,11.25,9
Mushkin Essentials 32 GB,,"3,1600","4,8",,Black / Green,13.75,11
Micron MT16KTF1G64AZ-1G6E1 8 GB,24.76,"3,1600","1,8",3.095,Green,13.75,11
Kingston HyperX Predator 32 GB,,"3,1866","4,8",,Black,9.646,9
Crucial CT2K8G3S160BM 16 GB,28.45,"3,1600","2,8",1.778,Black / Green,13.75,11
Kingston KVR16R11D4/8I 8 GB,11.99,"3,1600","1,8",1.499,Green,13.75,11
Kingston KVR1333D3S9/1G 1 GB,,"3,1333","1,1",,Green,13.503,9
G.Skill Ripjaws 4 GB,25.09,"3,1600","2,2",6.272,Black / Red,11.25,9
ADATA AD3U1333C4G9-2 8 GB,,"3,1333","2,4",,Green,13.503,9
Kingston Blu 8 GB,,"3,1600","2,4",,Blue / Silver,11.25,9
Corsair XMS 64 GB,340.84,"3,1333","8,8",5.326,Black / Silver,13.503,9
Kingston KVR13N9K2/16 16 GB,99.5,"3,1333","2,8",6.219,Green,13.503,9
Kingston HyperX Beast 16 GB,,"3,1600","2,8",,Black,11.25,9
Corsair Dominator Platinum 32 GB,,"3,2400","4,8",,Black / Silver,8.333,10
G.Skill Trident X 16 GB,,"3,1600","2,8",,Black / Red,8.75,7
Corsair Vengeance Pro 16 GB,,"3,1600","2,8",,Black / Silver,11.25,9
Crucial Ballistix Sport XT 8 GB,,"3,1866","1,8",,Blue / Silver,10.718,10
Dell SNP8H68RC/8G 8 GB,,"3,1600","1,8",,Green,13.75,11
G.Skill Ripjaws X 4 GB,17.78,"3,1600","1,4",4.445,,11.25,9
Corsair Vengeance Pro 16 GB,,"3,2400","2,8",,Black / Gold,9.167,11
Kingston HyperX Fury 16 GB,,"3,1333","2,8",,Blue / Silver,13.503,9
EVGA SSC 16 GB,,"3,2400","2,8",,Black,9.167,11
G.Skill Aegis 8 GB,35.85,"3,1600","1,8",4.481,,13.75,11
Corsair CMV8GX3M2A1333C9 8 GB,39.11,"3,1333","2,4",4.889,Green,13.503,9
Corsair CMV16GX3M2A1600C11 16 GB,79.54,"3,1600","2,8",4.971,Green,11.25,9
TEAMGROUP TED34096M1600HC11 4 GB,,"3,1600","1,4",,,13.75,11
Silicon Power SP004GBLTU160N02 4 GB,13.03,"3,1600","1,4",3.257,Black / Green,13.75,11
Corsair Vengeance 16 GB,,"3,1600","4,4",,Black / Silver,11.25,9
Kingston HyperX 1 GB,,"3,1800","1,1",,Blue / Silver,10,9
Patriot Viper Xtreme 6 GB,85.91,"3,2000","3,2",14.318,Black / Silver,9,9
Patriot G Series Sector 5 Edition 8 GB,,"3,1333","2,4",,Black / Red,13.503,9
Mushkin SP 6 GB,,"3,1333","3,2",,Green,13.503,9
G.Skill Ripjaws X 4 GB,,"3,1600","2,2",,Black / Blue,7.5,6
G.Skill Ripjaws X 8 GB,45.35,"3,1866","2,4",5.669,Black / Red,9.646,9
Samsung MV-3V2G3/US 2 GB,,"3,1600","1,2",,Black,13.75,11
Mushkin Essentials 16 GB,,"3,1600","4,4",,Green,13.75,11
Corsair Vengeance LP 32 GB,,"3,1600","4,8",,Black / Yellow,11.25,9
Samsung M471B1G73CB0-CK0 16 GB,,"3,1600","2,8",,Green,13.75,11
Corsair Vengeance Pro 32 GB,,"3,2400","4,8",,Black / Red,8.333,10
Kingston HyperX Fury 4 GB,,"3,1866","1,4",,Black / Silver,10.718,10
Kingston HyperX Fury 16 GB,,"3,1866","2,8",,Blue / Silver,10.718,10
Crucial CT12864BA160B 1 GB,,"3,1600","1,1",,Black / Green,13.75,11
G.Skill Trident X 16 GB,,"3,3100","4,4",,Black / Red,7.742,12
Kingston KVR16N11S8K2/8 8 GB,35,"3,1600","2,4",4.375,Green,13.75,11
HP 647901-B21 16 GB,28,"3,1333","1,16",1.75,Black / Green,13.503,9
Patriot Signature Line 4 GB,16.75,"3,1600","1,4",4.188,Black / Green,13.75,11
G.Skill Ares 8 GB,59.99,"3,1600","2,4",7.499,Black / Blue,11.25,9
Kingston ValueRAM 48 GB,74.98,"3,1600","3,16",1.562,Black / Green,13.75,11
Samsung M393B5170FH0-CH9 4 GB,11.77,"3,1333","1,4",2.942,Black / Green,13.503,9
Kingston HyperX 8 GB,124.52,"3,1600","2,4",15.565,Blue / Silver,11.25,9
G.Skill Ares 16 GB,64.84,"3,1600","4,4",4.053,Black / Orange,11.25,9
G.Skill Ares 16 GB,53.22,"3,1600","2,8",3.326,Black / Red,11.25,9
Corsair XMS3 8 GB,,"3,1600","2,4",,Black / Silver,11.25,9
ADATA Gaming 4 GB,,"3,1333","2,2",,Black / Silver,12.003,8
Crucial CT2KIT51264BA1339 8 GB,,"3,1333","2,4",,Green,13.503,9
Kingston HyperX 4 GB,,"3,1333","2,2",,Blue / Silver,10.503,7
Kingston KVR1066D3N7K2/8G 8 GB,,"3,1066","2,4",,Green,13.133,7
PNY Optima 8 GB,,"3,1333","2,4",,Orange,13.503,9
G.Skill PIS 4 GB,,"3,2000","2,2",,Black / Blue,6,6
Patriot Signature 8 GB,,"3,1600","2,4",,Blue / Silver,13.75,11
Corsair Vengeance 6 GB,,"3,1600","3,2",,Black / Silver,11.25,9
Corsair Vengeance 4 GB,,"3,1600","1,4",,Black / Blue,11.25,9
Mushkin Essentials 8 GB,,"3,1600","4,2",,Green,13.75,11
Kingston KHX16C9K2/16 16 GB,,"3,1600","2,8",,Blue,11.25,9
Corsair ValueSelect 16 GB,,"3,1600","2,8",,Green,11.25,9
G.Skill Ares 16 GB,99.02,"3,2133","2,8",6.189,Black / Blue,9.376,10
G.Skill Sniper 32 GB,,"3,2400","4,8",,Black / Red,9.167,11
PNY XLR8 8 GB,,"3,1600","1,8",,,11.25,9
Kingston HyperX Fury 8 GB,,"3,1866","1,8",,Black / Silver,10.718,10
Transcend JetRam 8 GB,46.1,"3,1600","1,8",5.763,Black / Green,13.75,11
Kingston KVR16LN11K2/16 16 GB,,"3,1600","2,8",,Black / Green,13.75,11
Kingston HyperX Savage 16 GB,,"3,2133","2,8",,Black / Red,10.314,11
Silicon Power SP008GBLTU160N02 8 GB,19.8,"3,1600","1,8",2.475,Black / Green,13.75,11
Kingston HyperX Fury 8 GB,,"3,1600","2,4",,Black,12.5,10
PNY MD16384KD3-1600-NHS-V2 16 GB,,"3,1600","2,8",,Black / Green,13.75,11
Kingston KCP316ND8/8 8 GB,19.98,"3,1600","1,8",2.498,Black / Green,13.75,11
TEAMGROUP T-Force Vulcan 16 GB,,"3,2133","2,8",,Gold,10.314,11
Corsair Vengeance LP 8 GB,,"3,1600","2,4",,Black,13.75,11
G.Skill Ares 32 GB,126.75,"3,2133","4,8",3.961,Black / Red,10.314,11
IBM 00D4968 16 GB,74.98,"3,1600","1,16",4.686,Black / Green,13.75,11
Corsair Vengeance 4 GB,35.98,"3,1600","1,4",8.995,Black / Silver,11.25,9
Mushkin Essentials 8 GB,24.47,"3,1600","2,4",3.059,Green,13.75,11
G.Skill Ares 16 GB,42.77,"3,1600","2,8",2.673,Black / Orange,12.5,10
G.Skill Trident X 8 GB,59.58,"3,2400","2,4",7.447,Black / Red,8.333,10
Kingston KVR16LS11/8 8 GB,23.63,"3,1600","1,8",2.954,Green,13.75,11
Corsair XMS3 4 GB,,"3,1600","2,2",,Black / Blue,11.25,9
G.Skill ECO 4 GB,,"3,1600","2,2",,Silver,11.25,9
Kingston HyperX 16 GB,276.89,"3,1600","4,4",17.306,Blue / Silver,11.25,9
Patriot Viper Xtreme 4 GB,66.98,"3,2000","2,2",16.745,Black / Silver,9,9
OCZ Platinum 6 GB,,"3,1333","3,2",,Silver,12.003,8
Kingston KVR1333D3N9K2/8G 8 GB,49.5,"3,1333","2,4",6.188,Green,13.503,9
Kingston HyperX Blu 4 GB,,"3,1333","1,4",,Blue / Silver,13.503,9
Corsair Vengeance 8 GB,,"3,1600","2,4",,Black / Red,11.25,9
Kingston KVR1333D3S8N9/2G 2 GB,24.42,"3,1333","1,2",12.21,Green,13.503,9
Crucial CT2KIT102464BA1339 16 GB,,"3,1333","2,8",,Green,13.503,9
G.Skill Ripjaws Z 32 GB,129.57,"3,1600","8,4",4.049,Black / Red,11.25,9
Wintec Value 16 GB,,"3,1333","2,8",,Green,13.503,9
G.Skill Ripjaws Z 16 GB,,"3,1600","4,4",,Black / Blue,8.75,7
G.Skill Ares 8 GB,35.17,"3,1600","2,4",4.396,Black / Orange,11.25,9
ADATA Premier 16 GB,,"3,1333","2,8",,Green,13.503,9
"Patriot Intel Extreme Master, Limited Ed 16 GB",,"3,2133","4,4",,Black / Blue,10.314,11
Kingston KHX16C9K4/32X 32 GB,,"3,1600","4,8",,Blue / Silver,11.25,9
Patriot Signature 16 GB,,"3,1600","2,8",,Black,13.75,11
G.Skill Ripjaws X 8 GB,107,"3,2400","2,4",13.375,,9.167,11
Corsair CORSAIR Vengeance 8GB 8 GB,,"3,1866","1,8",,Black / Silver,10.718,10
Patriot Patriot Viper 3 4GB 4 GB,,"3,1600","1,4",,,12.5,10
G.Skill Aegis 16 GB,69,"3,1333","2,8",4.312,,13.503,9
Transcend JM1333KLH-4G 4 GB,,"3,1333","1,4",,,13.503,9
Wintec Value 8 GB,,"3,1333","2,4",,,16.504,11
Kingston KVR16N11S6/2 2 GB,96.26,"3,1600","1,2",48.13,Black / Green,13.75,11
Kingston HyperX Fury 8 GB,,"3,1333","2,4",,Black / Silver,13.503,9
Kingston HyperX Fury 4 GB,,"3,1600","1,4",,Red / Silver,12.5,10
Kingston HyperX Fury 16 GB,,"3,1600","2,8",,White / Silver,12.5,10
Kingston HyperX Fury 8 GB,,"3,1866","2,4",,White / Silver,10.718,10
Crucial Ballistix Tactical 32 GB,,"3,1600","4,8",,Black / Yellow,10,8
Mushkin Blackline 16 GB,,"3,2133","4,4",,Black,9.376,10
Mushkin Proline 32 GB,,"3,1866","1,32",,Black,13.934,13
TEAMGROUP Xtreem 16 GB,,"3,2400","2,8",,White,8.333,10
Corsair Dominator Platinum 16 GB,,"3,3100","4,4",,Black / Silver,7.742,12
Corsair Vengeance LP 16 GB,,"3,1600","2,8",,Black / Yellow,11.25,9
Kingston HyperX Fury 16 GB,,"3,1866","2,8",,Black,11.79,11
G.Skill Ares 8 GB,39.29,"3,2400","2,4",4.911,Black / Blue,9.167,11
G.Skill Ripjaws Z 16 GB,73.22,"3,2133","4,4",4.576,,9.376,10
Klevv Genuine 8 GB,,"3,2800","2,4",,Black / Silver,8.571,12
VisionTek 900848 16 GB,155.04,"3,1600","1,16",9.69,Green / Black,13.75,11
G.Skill Ripjaws X 16 GB,122.02,"3,1866","4,4",7.626,Black / Red,9.646,9
Crucial CT32G3ELSDQ4186D 32 GB,58.99,"3,1866","1,32",1.843,Blue / Silver,11.79,11
Kingston KVR16E11S8/4 4 GB,28.91,"3,1600","1,4",7.228,Green,13.75,11
Crucial CT25664BA1067 2 GB,19.98,"3,1066","1,2",9.99,Green,13.133,7
Kingston ValueRAM 2 GB,,"3,1333","1,2",,Green,13.503,9
G.Skill Ripjaws 24 GB,,"3,1600","6,4",,Black / Red,11.25,9
ADATA AD3U1333B2G9-DRH 4 GB,,"3,1333","2,2",,Blue / Silver,13.503,9
"Patriot Viper Xtreme Series, Division 2 4 GB",52.32,"3,1600","2,2",13.08,Black / Silver,10,8
Kingston ValueRAM 4 GB,,"3,1333","2,2",,Green,13.503,9
Kingston KVR1333D3N9K3/12G 12 GB,89.99,"3,1333","3,4",7.499,Green,13.503,9
Kingston KVR1066D3N7/4G 4 GB,,"3,1066","1,4",,Green,13.133,7
Patriot Signature 4 GB,88.4,"3,1333","1,4",22.1,Green,13.503,9
G.Skill Ripjaws X + Turbulence II 4 GB,,"3,2200","2,2",,Black / Blue,6.364,7
Corsair XMS3 4 GB,,"3,1600","2,2",,Black / Blue,11.25,9
Crucial Ballistix Sport 3 GB,,"3,1600","3,1",,Black / Silver,12.5,10
Corsair Vengeance 8 GB,,"3,1600","2,4",,Black / Red,11.25,9
GeIL EVO CORSA 8 GB,,"3,1866","2,4",,Black / Yellow,9.646,9
G.Skill Ripjaws Z 32 GB,196.01,"3,2133","8,4",6.125,Black / Blue,8.439,9
G.Skill Ripjaws X 8 GB,,"3,1333","4,2",,Black / Blue,10.503,7
Mushkin Essentials 4 GB,26.54,"3,1600","2,2",6.635,Green,13.75,11
Kingston KHX1600C9D3LK2/8GX 8 GB,49.99,"3,1600","2,4",6.249,Green / Silver,11.25,9
G.Skill Ripjaws X 8 GB,27.38,"3,1600","1,8",3.422,Black / Blue,11.25,9
Patriot Gamer 2 8 GB,,"3,1600","1,8",,Black / Blue,11.25,9
Kingston KVR1333D3N9HK4/16G 16 GB,,"3,1333","4,4",,Green,13.503,9
"Patriot Viper Xtreme Series, Division 4 16 GB",220,"3,2133","4,4",13.75,Black / Silver,10.314,11
Corsair Dominator Platinum 16 GB,,"3,1866","4,4",,,9.646,9
G.Skill Sniper Gaming 32 GB,,"3,1600","4,8",,Black / Red,11.25,9
"Patriot Intel Extreme Master, Limited Ed 8 GB",,"3,2133","2,4",,Black / Blue,10.314,11
Patriot Viper 3 16 GB,,"3,2133","4,4",,Black / Silver,10.314,11
Corsair XMS3 8 GB,,"3,1600","2,4",,Black / White,11.25,9
Crucial Ballistix Sport 16 GB,,"3,1600","2,8",,Black / Silver,11.25,9
G.Skill NS 4 GB,19.39,"3,1333","1,4",4.848,Black,13.503,9
Kingston HyperX Beast 16 GB,,"3,2133","2,8",,Black,10.314,11
Corsair Dominator Platinum 16 GB,,"3,2133","2,8",,Black / Silver,8.439,9
Crucial CT2KIT102464BA160B 16 GB,,"3,1600","2,8",,Green,13.75,11
Corsair Vengeance Pro 8 GB,,"3,1866","2,4",,Black / Silver,9.646,9
G.Skill Ripjaws X 8 GB,,"3,2133","2,4",,Black / Red,8.439,9
Patriot PV316G240C0K 16 GB,,"3,2400","2,8",,Black / Silver,8.333,10
Avexir AVEXIR Core Series 8GB Kit 8 GB,,"3,3100","2,4",,Black / Blue,7.742,12
ADATA XPG V1.0 16 GB,,"3,1600","2,8",,Blue / Silver,13.75,11
Corsair Vengeance Pro 8 GB,,"3,2400","2,4",,Black / Red,9.167,11
G.Skill AEGIS 4GB 4 GB,20.42,"3,1600","1,4",5.105,,13.75,11
Crucial CT2K2G3S1067M 4 GB,35.99,"3,1066","2,2",8.998,Black / Green,13.133,7
G.Skill Ripjaws 8 GB,,"3,2133","1,8",,Black / Red,10.314,11
Apotop U3A8Gx2-21C9GC 16 GB,,"3,2133","2,8",,Black / Gold,8.439,9
Klevv Genuine 8 GB,,"3,1600","2,4",,Black / Silver,11.25,9
Kingston KVR1333D3N9K4/32G 32 GB,147.1,"3,1333","4,8",4.597,Green,13.503,9
EVGA Superclocked 16 GB,,"3,1866","2,8",,Black,9.646,9
Crucial Ballistix Sport 8 GB,,"3,1600","2,4",,Black / Silver,11.25,9
ADATA XPG V3 16 GB,,"3,2133","2,8",,Black / Red,9.376,10
Crucial CT2K102464BF186D 16 GB,28.68,"3,1866","2,8",1.792,Black / Green,13.934,13
Mushkin Essentials 16 GB,,"3,1600","2,8",,Black / Green,11.25,9
Kingston KCP313NS8/4 4 GB,29.67,"3,1333","1,4",7.418,Black / Green,13.503,9
Samsung M393B1G70BH0-CK0 8 GB,25.99,"3,1600","1,8",3.249,Green,13.75,11
Samsung M393B2G70DB0-CMA 16 GB,33.79,"3,1866","1,16",2.112,Black / Green,13.934,13
Corsair Vengeance 16 GB,88.99,"3,1600","2,8",5.562,Black / Silver,11.25,9
Crucial CT2KIT102464BF160B 16 GB,25,"3,1600","2,8",1.562,Green,13.75,11
G.Skill Ripjaws 4 GB,17.16,"3,1333","1,4",4.29,Black / Red,13.503,9
Patriot Viper Xtreme Division 4 8 GB,150,"3,1866","4,2",18.75,Black / Silver,9.646,9
Corsair Vengeance 8 GB,89.26,"3,2133","2,4",11.158,Black / Red,8.439,9
AMD RG2133 Gamer 16 GB,206.58,"3,2133","4,4",12.911,,9.376,10
Corsair Dominator 12 GB,,"3,1600","6,2",,Black / Blue,10,8
Corsair XMS3 DHX 4 GB,,"3,1333","2,2",,Black / White,13.503,9
Kingston HyperX 4 GB,,"3,1600","2,2",,Blue / White,10,8
Corsair XMS3 8 GB,,"3,1333","4,2",,Black / Blue,13.503,9
Corsair XMS3 8 GB,,"3,2000","2,4",,Black / Blue,9,9
Corsair XMS3 6 GB,,"3,1333","3,2",,Black / Blue,13.503,9
Corsair Dominator GT 8 GB,,"3,1866","4,2",,Black / Red,9.646,9
Corsair CMV4GX3M2A1333C9 4 GB,,"3,1333","2,2",,Black / Silver,13.503,9
Corsair Vengeance 8 GB,,"3,1600","2,4",,Black / Silver,11.25,9
G.Skill Ripjaws 4 GB,20.1,"3,1600","1,4",5.025,Black / Red,11.25,9
ADATA XPG Gaming 4 GB,,"3,2000","2,2",,Black / Silver,9,9
Patriot Viper Xtreme 8 GB,95.29,"3,2000","2,4",11.911,Black / Silver,9,9
Patriot Viper II Sector 5 Edition 4 GB,,"3,2500","2,2",,Black / Red,7.2,9
Kingston KVR1333D3K3/6GR 6 GB,,"3,1333","3,2",,Green,13.503,9
Kingston HyperX Grey 8 GB,,"3,1600","2,4",,Gray / Silver,11.25,9
G.Skill Ripjaws X 8 GB,,"3,2133","2,4",,Black / Red,10.314,11
Corsair Vengeance 8 GB,,"3,1600","2,4",,Black / Blue,11.25,9
Crucial CT3KIT102464BA1339 24 GB,,"3,1333","3,8",,Green,13.503,9
Crucial CT102464BA1339 8 GB,,"3,1333","1,8",,Green,13.503,9
Wintec Value 8 GB,,"3,1333","1,8",,Green,13.503,9
G.Skill Ripjaws X 32 GB,,"3,1333","4,8",,Black / Red,13.503,9
G.Skill Ripjaws Z 16 GB,,"3,2133","4,4",,Black / Blue,8.439,9
G.Skill Ripjaws Z 64 GB,,"3,1600","8,8",,Black / Red,12.5,10
Corsair Vengeance 16 GB,,"3,1866","4,4",,Black / Red,9.646,9
Mushkin Essentials 16 GB,,"3,1333","2,8",,Green,13.503,9
Corsair Dominator GT 8 GB,,"3,2133","2,4",,Black / Red,8.439,9
Corsair Vengeance LP 4 GB,,"3,1600","1,4",,Black / Yellow,8.75,7
G.Skill Ripjaws X 32 GB,,"3,1866","4,8",,Black / Red,10.718,10
Corsair Vengeance 16 GB,,"3,1866","2,8",,Black / Silver,9.646,9
Corsair XMS 16 GB,,"3,1333","2,8",,Black / Silver,13.503,9
G.Skill Value 8 GB,20.38,"3,1333","1,8",2.547,Black,13.503,9
Corsair Dominator Platinum 16 GB,,"3,1866","2,8",,Black / Silver,9.646,9
Kingston KVR16S11S8/4 4 GB,18.97,"3,1600","1,4",4.742,,13.75,11
GeIL EVO VELOCE 16 GB,,"3,2400","2,8",,White,9.167,11
Corsair CMV8GX3M2A1600C11 8 GB,52.98,"3,1600","2,4",6.622,Green,13.75,11
Corsair Vengeance LP 8 GB,,"3,1866","2,4",,Black / Blue,9.646,9
Crucial Ballistix Tactical 8 GB,,"3,1600","1,8",,Black / Yellow,10,8
G.Skill Trident X 32 GB,,"3,1600","4,8",,Black / Red,8.75,7
Corsair Dominator Platinum 32 GB,,"3,1866","4,8",,Black / Silver,9.646,9
Kingston Black 4 GB,,"3,1600","1,4",,Black / Silver,11.25,9
Crucial Ballistix Tactical Tracer 16 GB,,"3,1600","2,8",,,10,8
Kingston KVR13N9S8K2/8 8 GB,49.99,"3,1333","2,4",6.249,Green,13.503,9
Corsair Vengeance Pro 16 GB,,"3,2133","2,8",,Black / Red,10.314,11
G.Skill Ripjaws X 32 GB,252,"3,2400","4,8",7.875,,9.167,11
PNY XLR8 16 GB,,"3,1600","2,8",,,11.25,9
Crucial Ballistix Sport XT 16 GB,,"3,1866","2,8",,,10.718,10
Corsair Vengeance Pro 16 GB,,"3,2133","2,8",,Black / Silver,10.314,11
Crucial Ballistix Sport XT 8 GB,,"3,1866","2,4",,,10.718,10
TEAMGROUP Dark 8 GB,,"3,1600","2,4",,,11.25,9
TEAMGROUP Elite 8 GB,,"3,1333","2,4",,,13.503,9
ADATA XPG V1.0 4 GB,,"3,1600","1,4",,,11.25,9
G.Skill Aegis 4 GB,27.99,"3,1333","1,4",6.997,,13.503,9
G.Skill Aegis 16 GB,,"3,1600","2,8",,,13.75,11
G.Skill Aegis 8 GB,25.18,"3,1600","2,4",3.147,,13.75,11
Corsair Mac Memory 4 GB,15.87,"3,1333","1,4",3.967,Black / Green,13.503,9
G.Skill FA-1333C9Q-32GSQ 32 GB,80.91,"3,1333","4,8",2.528,Black / Green,13.503,9
HP B4U37AA 8 GB,,"3,1600","1,8",,Black / Blue,13.75,11
Corsair Vengeance Pro 16 GB,,"3,2800","2,8",,Black / Red,8.571,12
Corsair Vengeance Pro 16 GB,,"3,2800","4,4",,Black / Red,8.571,12
Corsair Vengeance Pro 16 GB,,"3,3000","4,4",,Black / Red,8,12
AMD R9 2400 16 GB,,"3,2400","2,8",,Black / Silver,9.167,11
Crucial BLE4KIT4G3D1608DE1TX0 16 GB,,"3,1600","4,4",,Black,10,8
Corsair Vengeance Pro 16 GB,,"3,2133","4,4",,Black / Red,8.439,9
Kingston HyperX Fury 8 GB,,"3,1333","2,4",,Red / Silver,13.503,9
Kingston HyperX Fury 8 GB,,"3,1333","2,4",,White / Silver,13.503,9
Kingston HyperX Fury 8 GB,,"3,1866","2,4",,Red / Silver,10.718,10
Corsair XMS3 8 GB,,"3,1333","2,4",,Black / Silver,13.503,9
Kingston HyperX Savage 16 GB,,"3,1600","2,8",,Black / Red,11.25,9
Kingston HyperX Savage 8 GB,,"3,2400","1,8",,Black / Red,9.167,11
Kingston HyperX Beast 8 GB,,"3,2400","2,4",,Black,9.167,11
TEAMGROUP Elite Plus 2 GB,,"3,1333","1,2",,Black / Gold,13.503,9
G.Skill Trident X 8 GB,,"3,3100","2,4",,Black / Red,7.742,12
Mushkin Blackline 32 GB,,"3,2400","4,8",,Yellow,9.167,11
TEAMGROUP Elite Plus 8 GB,,"3,1333","2,4",,Black / Gold,13.503,9
Wintec 3RSL160011R9H-32GQ 32 GB,,"3,1600","4,8",,Black / Silver,13.75,11
Corsair Vengeance Pro 16 GB,,"3,2400","2,8",,Black / Red,9.167,11
Crucial CT2K16G3ERSDD4186D 32 GB,,"3,1866","2,16",,Green,13.934,13
Crucial CT25672BD160B 2 GB,,"3,1600","1,2",,Green,13.75,11
Avexir Blitz1.1 16 GB,,"3,2133","2,8",,Black / Yellow,8.439,9
EVGA Superclocked 16 GB,,"3,1600","2,8",,Black,11.25,9
PNY Anarchy X 16 GB,128.91,"3,2666","2,8",,Black / Red,9.002,12
Corsair Vengeance LP 8 GB,,"3,1600","2,4",,Black / Yellow,13.75,11
Avexir Blitz1.1 16 GB,,"3,2000","2,8",,Red / Silver,9,9
Crucial CT102472BD160B 8 GB,42.13,"3,1600","1,8",5.266,Black / Green,13.75,11
Compustocx CSXA-LO-1333-4G-KIT 4 GB,,"3,1333","1,4",,Green / Black,13.503,9
Neo Forza Encke 16 GB,,"3,1600","2,8",,Gold / Black,13.75,11
Corsair Vengeance 4 GB,,"3,1600","1,4",,Black / Gold,11.25,9
Crucial CT2KIT51264BF160BJ 8 GB,53.99,"3,1600","2,4",6.749,Black / Green,13.75,11
G.Skill Ares 16 GB,,"3,1866","2,8",,Black / Blue,10.718,10
Corsair Vengeance 16 GB,,"3,1600","2,8",,Black / Red,11.25,9
Corsair Dominator Platinum 8 GB,152.04,"3,2666","2,4",19.005,Black / Silver,8.252,11
Crucial Ballistix Sport 32 GB,164.99,"3,1600","4,8",5.156,Black / Silver,11.25,9
G.Skill Ripjaws 4 GB,,"3,1600","1,4",,Black / Red,11.25,9
Crucial CT51264BF160B 4 GB,10.99,"3,1600","1,4",2.748,Black / Green,13.75,11
Mushkin Essentials 32 GB,,"3,1600","2,16",,Black / Blue,13.75,11
Corsair Dominator 6 GB,,"3,1600","3,2",,Black / Blue,8.75,7
Corsair Dominator 6 GB,,"3,1600","3,2",,Black / Blue,8.75,7
Corsair XMS3 12 GB,,"3,1333","6,2",,Black / White,13.503,9
Crucial CT2KIT25664BA1339 4 GB,24.99,"3,1333","2,2",6.247,Green,13.503,9
Kingston ValueRAM 1 GB,,"3,1066","1,1",,Green,13.133,7
Kingston ValueRAM 2 GB,16.98,"3,1066","1,2",8.49,Green,13.133,7
ADATA Gaming 1 GB,,"3,1600","1,1",,Black,11.25,9
Corsair XMS3 4 GB,,"3,1600","2,2",,Black / Blue,8.75,7
Corsair XMS3 6 GB,,"3,1600","3,2",,Black / Blue,11.25,9
Corsair Dominator 8 GB,,"3,1600","2,4",,Black / Blue,11.25,9
Corsair Dominator GT 4 GB,,"3,2000","2,2",,Black / Red,8,8
ADATA Plus 4 GB,,"3,1600","2,2",,Red / Silver,10,8
Crucial Ballistix 1 GB,,"3,1600","1,1",,Orange,10,8
Kingston HyperX 1 GB,,"3,1333","1,1",,Blue / Silver,10.503,7
Kingston HyperX T1 4 GB,,"3,2000","2,2",,Blue,9,9
G.Skill Ripjaws X 4 GB,,"3,1333","2,2",,Black / Blue,12.003,8
G.Skill F3-8500CL7D-2GBNQ 2 GB,,"3,1066","2,1",,Red / Silver,13.133,7
G.Skill Ripjaws 8 GB,29.06,"3,1333","2,4",3.632,Black / Red,13.503,9
G.Skill Ripjaws X 4 GB,,"3,1866","2,2",,Black / Red,9.646,9
G.Skill Ripjaws X 4 GB,,"3,1600","2,2",,Black / Blue,8.75,7
Corsair Dominator GTX 2 GB,,"3,2400","1,2",,Black / Red,7.5,9
OCZ Gold 4 GB,,"3,1333","2,2",,Black / Gold,13.503,9
Mushkin Silverline 8 GB,,"3,1333","2,4",,Black / Gray,13.503,9
Kingston HyperX 24 GB,,"3,1600","6,4",,Blue / Silver,11.25,9
G.Skill Ripjaws X 4 GB,,"3,1600","2,2",,Black / Blue,10,8
Patriot Signature 8 GB,,"3,1600","2,4",,Green,13.75,11
G.Skill Ripjaws X 8 GB,,"3,1600","2,4",,Black / Blue,10,8
Kingston HyperX T1 4 GB,,"3,1866","2,2",,Blue,9.646,9
Crucial Ballistix Sport 8 GB,,"3,1333","2,4",,Black / Silver,13.503,9
Crucial Ballistix Sport 2 GB,,"3,1600","1,2",,Black / Silver,12.5,10
Kingston KHX1600C9D3P1K2/4G 4 GB,,"3,1600","2,2",,Gray / Silver,11.25,9
Crucial CT12864BC1067 1 GB,,"3,1066","1,1",,Green,13.133,7
Kingston HyperX 4 GB,,"3,1866","2,2",,Blue / Silver,9.646,9
Samsung MV-3V2G4D/US 4 GB,,"3,1333","2,2",,Black,13.503,9
Corsair XMS3 12 GB,,"3,1600","3,4",,Black / Silver,11.25,9
Kingston KHX1866C11D3P1K2/8G 8 GB,,"3,1866","2,4",,Gray / Silver,11.79,11
Corsair XMS3 16 GB,,"3,1600","4,4",,Black / White,11.25,9
Crucial CT51264BD1339 4 GB,26.11,"3,1333","1,4",6.527,Green,13.503,9
Samsung MV-3V2G3D/US 4 GB,,"3,1600","2,2",,Black,13.75,11
G.Skill Sniper 16 GB,,"3,1600","4,4",,Black / Red,11.25,9
Corsair Vengeance 32 GB,,"3,1866","4,8",,Black / Silver,9.646,9
Corsair Vengeance 32 GB,,"3,1866","4,8",,Black / Red,9.646,9
AMD Entertainment Edition 4 GB,,"3,1333","1,4",,Black / Red,13.503,9
Corsair Vengeance 8 GB,,"3,1600","4,2",,Black / Red,10,8
Patriot G2 8 GB,,"3,1600","4,2",,Black / Blue,11.25,9
G.Skill Sniper Gaming 16 GB,99.66,"3,2133","4,4",6.229,Black / Red,8.439,9
G.Skill Ripjaws Z 8 GB,,"3,1600","4,2",,Black / Red,11.25,9
Crucial Ballistix Sport 2 GB,,"3,1600","1,2",,Black / Silver,11.25,9
Corsair Vengeance 4 GB,25.99,"3,1600","1,4",6.497,Black / Yellow,11.25,9
Corsair XMS3 8 GB,,"3,1333","1,8",,Black / Blue,13.503,9
Crucial Ballistix Elite 8 GB,,"3,1866","2,4",,Black / Silver,9.646,9
Patriot G2 Series Division 4 16 GB,,"3,1333","4,4",,Black / Blue,13.503,9
Corsair CMV8GX3M1A1333C9 8 GB,46.98,"3,1333","1,8",5.872,Green,13.503,9
G.Skill Ripjaws Z 64 GB,,"3,2400","8,8",,Black / Blue,8.333,10
Crucial Ballistix 4 GB,,"3,1866","1,4",,Black / Yellow,9.646,9
Corsair XMS 32 GB,,"3,1600","4,8",,Black / Blue,11.25,9
Patriot Signature 8 GB,46.92,"3,1333","1,8",5.865,Blue / Silver,13.503,9
Kingston KHX2133C11D3T1K2/8GX 8 GB,,"3,2133","2,4",,,10.314,11
G.Skill Trident X 16 GB,,"3,2666","2,8",,Black / Red,8.252,11
Kingston Value 2 GB,,"3,1066","1,2",,Green,13.133,7
G.Skill Sniper Gaming 32 GB,,"3,1866","4,8",,Black / Red,10.718,10
Patriot Viper 3 32 GB,,"3,1600","4,8",,Black / Silver,11.25,9
G.Skill Trident X 16 GB,,"3,2133","2,8",,Black / Red,8.439,9
Corsair Dominator Platinum 16 GB,,"3,2400","2,8",,Black / Silver,8.333,10
Patriot Viper 3 8 GB,72.04,"3,1866","2,4",9.005,,9.646,9
Patriot Viper 3 8 GB,,"3,1600","1,8",,Black / Silver,11.25,9
Corsair Dominator Platinum 16 GB,288.39,"3,2666","4,4",18.024,Black / Silver,8.252,11
Patriot Viper 3 8 GB,,"3,1600","2,4",,Black / Green,11.25,9
Patriot Viper 3 16 GB,,"3,1600","4,4",,Black / Green,11.25,9
Corsair Vengeance LP 32 GB,,"3,1600","4,8",,Black / Blue,11.25,9
Corsair Vengeance 16 GB,,"3,1600","2,8",,Black / Gold,11.25,9
Crucial Ballistix Tactical 32 GB,,"3,1600","4,8",,Black / Yellow,10,8
Kingston HyperX Beast 8 GB,,"3,2400","2,4",,Black,9.167,11
Kingston HyperX Beast 8 GB,,"3,2133","2,4",,Black,10.314,11
Crucial Ballistix Tactical 16 GB,,"3,1600","4,4",,Black / Yellow,10,8
Kingston HyperX Beast 8 GB,,"3,1600","2,4",,Black,11.25,9
Kingston HyperX 32 GB,,"3,1600","4,8",,Green / Silver,11.25,9
Corsair Vengeance LP 32 GB,,"3,1866","4,8",,Black / Yellow,10.718,10
Corsair Vengeance LP 16 GB,,"3,1866","2,8",,Black / Yellow,10.718,10
G.Skill Trident X 16 GB,,"3,1866","2,8",,Black / Red,8.574,8
G.Skill Sniper 16 GB,,"3,2133","2,8",,Black / Red,9.376,10
G.Skill Ripjaws X 8 GB,,"3,2133","2,4",,Black / Blue,9.376,10
Mushkin Stealth 32 GB,,"3,1600","4,8",,Black / Gold,11.25,9
Corsair Vengeance Pro 16 GB,,"3,2400","2,8",,Black / Red,8.333,10
Corsair Vengeance Pro 8 GB,,"3,1600","2,4",,Black / Red,11.25,9
G.Skill Trident X 32 GB,,"3,2666","4,8",,Black / Red,9.002,12
Corsair Vengeance Pro 16 GB,,"3,1600","2,8",,Black / Gold,11.25,9
AMD AG316G2130U2K 16 GB,,"3,2133","2,8",,Black / Red,9.376,10
Kingston KVR13N9S8HK2/8 8 GB,54.16,"3,1333","2,4",,Green,13.503,9
Crucial Ballistix Tactical 16 GB,,"3,1866","2,8",,Black / Yellow,9.646,9
TEAMGROUP Elite 2 GB,,"3,1333","1,2",,,13.503,9
TEAMGROUP Vulcan 16 GB,,"3,1600","2,8",,,11.25,9
Avexir MPower 16 GB,,"3,1600","2,8",,Black / Yellow,12.5,10
Avexir MSI Z77 MPOWER Optimized (Yellow LED) 32GB 32 GB,,"3,1600","4,8",,Black / Yellow,12.5,10
Corsair Vengeance Performance 8 GB,,"3,1866","2,4",,Black / Gold,10.718,10
Patriot Viper Xtreme 8 GB,,"3,1600","1,8",,Black / Silver,13.75,11
Corsair Vengeance Performance 8 GB,,"3,2133","2,4",,Black / Gold,8.439,9
G.Skill Ripjaws Z 16 GB,,"3,2933","4,4",,,8.183,12
Patriot Viper 3 8 GB,,"3,1600","1,8",,Black / Silver,12.5,10
Corsair Vengeance Pro 16 GB,,"3,2666","2,8",,Black / Red,9.002,12
G.Skill FA-10666CL9D-8GBSQ 8 GB,,"3,1333","2,4",,Black / Green,13.503,9
Patriot Viper 3 16 GB,,"3,2400","2,8",,Black / Silver,9.167,11
AMD Radeon R9 Gamer 8 GB,,"3,2133","2,4",,Black / Silver,9.376,10
Mushkin Essentials 32 GB,,"3,1866","4,8",,Black / Green,13.934,13
Patriot Signature 2 GB,,"3,1600","1,2",,Black / Green,13.75,11
Patriot Viper 3 Low Profile Blue 16 GB,,"3,1600","2,8",,Black / Blue,12.5,10
Patriot Viper 3 Low Profile Black 32 GB,,"3,1600","4,8",,Black / Silver,11.25,9
Patriot Viper 3 Red 8 GB,,"3,1600","2,4",,Black / Red,12.5,10
Patriot Viper 3 Low Profile Blue 8 GB,,"3,2133","2,4",,Black / Blue,10.314,11
Samsung M393B1K70DH0-YH908 8 GB,,"3,1333","1,8",,Black / Green,13.503,9
Corsair Dominator Platinum 16 GB,,"3,1600","4,4",,Black / Silver,11.25,9
Kingston HyperX Fury 8 GB,,"3,1333","1,8",,Blue / Silver,13.503,9
Kingston HyperX Fury 8 GB,,"3,1333","1,8",,Black / Silver,13.503,9
Kingston HyperX Fury 8 GB,,"3,1333","2,4",,Blue / Silver,13.503,9
Kingston HyperX Fury 16 GB,,"3,1333","2,8",,Red / Silver,13.503,9
Crucial Ballistix Tactical 16 GB,,"3,1600","4,4",,Black / Yellow,10,8
AMD Radeon R5 Entertainment 8 GB,,"3,1600","2,4",,Black / Red,13.75,11
AMD Radeon R5 Entertainment 8 GB,,"3,1600","1,8",,Black / Red,13.75,11
Crucial CT51264BA1339J 4 GB,24.37,"3,1333","1,4",6.093,Black / Green,13.503,9
PNY MD32768K4D3-1866-X9 32 GB,,"3,1866","4,8",,Black / Silver,9.646,9
Kingston HyperX Savage 32 GB,,"3,1600","4,8",,Black / Red,11.25,9
Kingston HyperX Savage 32 GB,,"3,2400","4,8",,Black / Red,9.167,11
TEAMGROUP Dark 8 GB,,"3,1600","1,8",,Black / Green,11.25,9
TEAMGROUP Xtreem 16 GB,,"3,2400","2,8",,White,8.333,10
Crucial CT2K32G3ELSDQ4186D 64 GB,,"3,1866","2,32",,Blue / Silver,11.79,11
Crucial CT2K32G3ELSLQ4160B 64 GB,,"3,1600","2,32",,Blue / Silver,13.75,11
Silicon Power SP004GBLTU133N02 4 GB,,"3,1333","1,4",,Black / Green,13.503,9
Crucial CT8G3ERSLD4160B 8 GB,16.98,"3,1600","1,8",2.123,Green,13.75,11
Kingston KVR13R9D4K2/32 32 GB,,"3,1333","2,16",,Green,13.503,9
Kingston KVR16E11/8 8 GB,31.34,"3,1600","1,8",3.917,Green,13.75,11
Mushkin Essentials 16 GB,,"3,1600","2,8",,Black / Green,13.75,11
Avexir Core 16 GB,,"3,1600","2,8",,Black / Red,13.75,11
Crucial Ballistix Sport 8 GB,,"3,1866","2,4",,Blue / Silver,10.718,10
PNY Anarchy 16 GB,,"3,1866","2,8",,Black / Blue,10.718,10
Avexir Blitz1.1 8 GB,,"3,2000","2,4",,Red / Silver,9,9
Kingston HyperX Fury 16 GB,,"3,1600","2,8",,Black,12.5,10
Kingston HyperX Fury 8 GB,,"3,1866","1,8",,Black,11.79,11
Kingston HyperX Fury 8 GB,,"3,1866","2,4",,Black,11.79,11
Crucial CT2K51264BD160BJ 8 GB,33,"3,1600","2,4",4.125,Black / Green,13.75,11
Samsung M471B5273DH0-CH9 4 GB,25.98,"3,1333","1,4",6.495,Black / Green,13.503,9
Corsair Vengeance Pro 32 GB,,"3,1866","4,8",,Black / Red,11.79,11
G.Skill Ripjaws X 8 GB,,"3,1600","1,8",,Black / Red,11.25,9
Corsair ValueSelect 2 GB,,"3,1333","1,2",,Green / Silver,13.503,9
PNY NHS 4 GB,,"3,1600","1,4",,Black / Green,13.75,11
Corsair Vengeance Pro 8 GB,,"3,2133","2,4",,Black / Silver,10.314,11
Crucial CT2KIT51272BD160BJ 8 GB,,"3,1600","2,4",,Black / Green,13.75,11
Kingston KCP316NS8/4 4 GB,25.16,"3,1600","1,4",6.29,Black / Green,13.75,11
Crucial CT51272BA186DJ 4 GB,39.99,"3,1866","1,4",9.998,Black / Green,13.934,13
Avexir Core 8 GB,,"3,2800","2,4",,Black / Blue,10,14
TEAMGROUP Elite 4 GB,,"3,1600","1,4",,Green / Black,13.75,11
TEAMGROUP T-Force Vulcan 16 GB,,"3,2133","2,8",,Red,10.314,11
Crucial CT2K16G3S186DM 32 GB,,"3,1866","2,16",,Green / Black,13.934,13
Samsung M393B1G70DB0-YK0 8 GB,,"3,1600","1,8",,Green / Black,13.75,11
Silicon Power SU016GLLTU160N22AC 16 GB,,"3,1600","2,8",,Green / Black,13.75,11
Crucial CT2K51264BD186DJ 8 GB,,"3,1866","2,4",,Green / Black,13.934,13
G.Skill Ripjaws X 2 GB,,"3,1333","1,2",,Red,13.503,9
G.Skill Ripjaws 8 GB,18.98,"3,1600","1,8",2.373,,11.25,9
Patriot Signature 8 GB,18.98,"3,1600","1,8",2.373,Black,13.75,11
Crucial CT204864BF160B 16 GB,138.97,"3,1600","1,16",8.686,Black / Green,13.75,11
Crucial CT4G3S1339M 4 GB,18.95,"3,1333","1,4",4.737,Black / Green,13.503,9
Crucial CT16G3ERVLD4160B 16 GB,38.99,"3,1333","1,16",2.437,Green / Black,16.504,11
G.Skill F3-12800CL9D-8GBSQ 8 GB,24.27,"3,1600","2,4",3.034,Green,11.25,9
G.Skill F3-12800CL11D-8GBSQ 8 GB,23.47,"3,1600","2,4",2.934,Green,13.75,11
Corsair CMSO16GX3M2A1333C9 16 GB,84.98,"3,1333","2,8",5.311,Green,13.503,9
Mushkin Essentials 8 GB,21.41,"3,1600","2,4",2.676,Green,13.75,11
Crucial CT2K8G3S1339M 16 GB,79.98,"3,1333","2,8",4.999,Green,13.503,9
G.Skill F3-1600C9D-8GSL 8 GB,25.04,"3,1600","2,4",3.13,Green,11.25,9
G.Skill Ripjaws 16 GB,37.04,"3,1600","2,8",2.315,,13.75,11
G.Skill Ripjaws 8 GB,22.82,"3,1600","1,8",2.853,,13.75,11
Crucial CT4G3S1067M 4 GB,28.27,"3,1066","1,4",7.067,Black / Green,13.133,7
Crucial CT8G3S1339M 8 GB,31.38,"3,1333","1,8",3.922,Black / Green,13.503,9
Crucial CT51264BF160BJ 4 GB,17.07,"3,1600","1,4",4.268,Black / Green,13.75,11
Corsair Dominator 8 GB,,"3,1333","4,2",,Black / Green,10.503,7
Crucial CT12864BA1339 1 GB,,"3,1333","1,1",,Green,13.503,9
Kingston ValueRAM 4 GB,,"3,1066","2,2",,Green,13.133,7
Kingston ValueRAM 4 GB,30.99,"3,1333","2,2",7.747,Green,13.503,9
Patriot Viper 6 GB,,"3,1333","3,2",,Black / Blue,10.503,7
OCZ Gold Edition 4 GB,,"3,1066","2,2",,Black / Gold,13.133,7
Kingston HyperX 2 GB,,"3,1333","1,2",,Blue / White,10.503,7
ADATA XPG Gaming 8 GB,,"3,1600","2,4",,Black,11.25,9
G.Skill Ripjaws 12 GB,,"3,1600","3,4",,Black / Red,11.25,9
Kingston HyperX 3 GB,,"3,1600","3,1",,Blue / White,11.25,9
Corsair XMS 6 GB,,"3,1333","3,2",,Black / Blue,12.003,8
Corsair Dominator GT 12 GB,,"3,1600","3,4",,Black / Blue,11.25,9
Corsair Dominator GT 16 GB,,"3,1333","4,4",,Black / Blue,13.503,9
G.Skill PI 4 GB,,"3,1600","2,2",,Black / Blue,7.5,6
G.Skill Ripjaws 8 GB,,"3,1600","2,4",,Black / Red,8.75,7
G.Skill PI 12 GB,,"3,1600","6,2",,Black / Blue,8.75,7
G.Skill Trident 2 GB,,"3,1600","2,1",,Black / Red,10,8
G.Skill Ripjaws 8 GB,,"3,1600","2,4",,Black / Blue,10,8
G.Skill Ripjaws 6 GB,,"3,1600","3,2",,Black / Blue,10,8
G.Skill F3-12800CL8TU-6GBPI 6 GB,,"3,1600","3,2",,Black / Blue,10,8
G.Skill F3-12800CL9D-4GBNQ 4 GB,62,"3,1600","2,2",15.5,Red / Silver,11.25,9
G.Skill F3-12800CL9T-6GBNQ 6 GB,,"3,1600","3,2",,Red / Silver,11.25,9
Kingston HyperX 1 GB,,"3,1600","1,1",,Blue / Silver,11.25,9
Kingston HyperX Blu 4 GB,,"3,1600","2,2",,Blue / Silver,11.25,9
Kingston HyperX 12 GB,,"3,1600","6,2",,Blue / Silver,11.25,9
Patriot Gamer 6 GB,80.47,"3,1600","3,2",13.412,Black / Green,11.25,9
Patriot Viper II Sector 7 Edition 12 GB,176.58,"3,1600","3,4",14.715,Black / Blue,10,8
OCZ Gold 6 GB,,"3,1600","3,2",,Black / Gold,10,8
Mushkin Silverline 4 GB,,"3,1600","2,2",,Black / Silver,8.75,7
Mushkin Radioactive 4 GB,,"3,1600","2,2",,Black / Yellow,7.5,6
ADATA Premier 4 GB,,"3,1333","2,2",,Green,13.503,9
Crucial CT51264BA1339 4 GB,17,"3,1333","1,4",4.25,Black / Green,13.503,9
Kingston HyperX 4 GB,,"3,1333","2,2",,Blue / Silver,13.503,9
Kingston Blu 4 GB,,"3,1333","2,2",,Blue / Silver,13.503,9
G.Skill F3-10600CL8D-2GBHK 2 GB,,"3,1333","2,1",,Blue / Silver,12.003,8
G.Skill ECO 8 GB,,"3,1333","2,4",,White,10.503,7
G.Skill F3-10666CL8D-4GBHK 4 GB,,"3,1333","2,2",,Blue / Silver,12.003,8
G.Skill ECO 4 GB,,"3,1333","2,2",,Silver,12.003,8
G.Skill Ripjaws 12 GB,,"3,1333","3,4",,Black / Red,13.503,9
G.Skill Ripjaws 4 GB,,"3,1066","1,4",,Black / Red,13.133,7
G.Skill Ripjaws 24 GB,,"3,1333","6,4",,Black / Red,13.503,9
G.Skill Ripjaws 8 GB,31.94,"3,1066","2,4",3.993,Black / Red,13.133,7
G.Skill F3-10666CL9T-6GBNQ 6 GB,,"3,1333","3,2",,Red / Silver,13.503,9
G.Skill Sniper 8 GB,,"3,1333","2,4",,Black / Red,13.503,9
G.Skill Value 8 GB,,"3,1333","2,4",,Black,13.503,9
G.Skill Ripjaws X 16 GB,,"3,1333","4,4",,Black / Red,13.503,9
G.Skill Ripjaws X 4 GB,49.98,"3,1333","2,2",12.495,Black / Red,13.503,9
G.Skill Ripjaws X 16 GB,,"3,1600","4,4",,Black / Blue,8.75,7
OCZ Reaper Edition 12 GB,,"3,1333","3,4",,Black / Silver,13.503,9
Patriot Viper Xtreme 12 GB,,"3,2000","3,4",,Black / Silver,9,9
Patriot Viper II Sector 7 Edition 12 GB,,"3,1333","3,4",,Black / Blue,13.503,9
Patriot Gamer 2 4 GB,49.09,"3,1333","2,2",12.273,Black / Blue,13.503,9
Patriot Gamer 2 4 GB,53.66,"3,1600","2,2",13.415,Black / Blue,11.25,9
Patriot Gamer 2 8 GB,,"3,1333","2,4",,Black / Blue,13.503,9
Kingston ValueRAM 2 GB,,"3,1333","2,1",,Green,13.503,9
Mushkin Silverline 6 GB,,"3,1333","3,2",,Silver,13.503,9
Kingston KVR1066D3/1GR 1 GB,,"3,1066","1,1",,Green,13.133,7
Kingston KVR1333D3/1GR 1 GB,,"3,1333","1,1",,Green,13.503,9
Mushkin Essentials 4 GB,27.62,"3,1333","2,2",6.905,Green,13.503,9
PNY Optima 4 GB,,"3,1333","1,4",,Orange,13.503,9
Kingston HyperX 12 GB,,"3,1600","3,4",,Blue / Silver,11.25,9
Kingston KHX1333C7AD3K2/8G 8 GB,,"3,1333","2,4",,Blue / Silver,10.503,7
Kingston KHX1600C9D3K2/8G 8 GB,,"3,1600","2,4",,Blue / Silver,11.25,9
Corsair Dominator 24 GB,,"3,1333","6,4",,Black / Blue,13.503,9
Corsair XMS 8 GB,,"3,1333","2,4",,Black / Blue,13.503,9
G.Skill Ripjaws 12 GB,,"3,1600","3,4",,Black / Blue,8.75,7
Kingston HyperX T1 Black 24 GB,,"3,1600","6,4",,Black,11.25,9
Crucial Ballistix Sport 2 GB,,"3,1333","1,2",,Black / Silver,13.503,9
G.Skill Sniper 8 GB,,"3,1600","2,4",,Black / Red,8.75,7
Corsair Vengeance 4 GB,,"3,1600","2,2",,Black / Blue,11.25,9
Corsair Vengeance 8 GB,,"3,1866","2,4",,Black / Blue,9.646,9
Kingston KHX1600C9D3P1K2/8G 8 GB,,"3,1600","2,4",,Gray / Silver,11.25,9
G.Skill Sniper Gaming 12 GB,,"3,1600","3,4",,Black / Red,11.25,9
G.Skill F3-8500CL7D-8GBSQ 8 GB,181.99,"3,1066","2,4",22.749,Green,13.133,7
Mushkin 991643 2 GB,16.93,"3,1066","1,2",8.465,Green,13.133,7
ADATA Gaming 2 GB,,"3,1600","1,2",,Black / Silver,11.25,9
PNY XLR8 8 GB,,"3,1600","2,4",,Black / Silver,11.25,9
Mushkin Silverline 8 GB,,"3,1600","2,4",,Gray / Silver,11.25,9
Corsair Vengeance 4 GB,,"3,1600","2,2",,Black / Yellow,11.25,9
Corsair Vengeance 16 GB,259.89,"3,1600","4,4",16.243,Black / Blue,11.25,9
G.Skill Ripjaws X 16 GB,,"3,2133","4,4",,Black / Red,10.314,11
Kingston KHX1600C9D3X1K2/8GX 8 GB,,"3,1600","2,4",,Black / Silver,11.25,9
Corsair Vengeance 8 GB,,"3,1600","2,4",,Black / White,11.25,9
Wintec One 6 GB,,"3,1866","3,2",,Black / Silver,9.646,9
Wintec One 4 GB,,"3,1866","2,2",,Black / Silver,9.646,9
Crucial Ballistix Elite 2 GB,,"3,1600","1,2",,Black / Silver,10,8
ADATA XPG Gaming 16 GB,,"3,1333","2,8",,Black / Silver,13.503,9
Kingston Blu 4 GB,,"3,1600","1,4",,Blue / Silver,11.25,9
ADATA XPG Gaming 8 GB,,"3,1600","2,4",,Green,11.25,9
Kingston T1 8 GB,,"3,1866","2,4",,Blue,9.646,9
Crucial CT2KIT25664BD160B 4 GB,,"3,1600","2,2",,Green,13.75,11
Mushkin Essentials 8 GB,,"3,1333","2,4",,Green,13.503,9
Mushkin Essentials 12 GB,,"3,1333","3,4",,Green,13.503,9
G.Skill Sniper 8 GB,,"3,1600","2,4",,Black / White,11.25,9
Crucial CT3KIT51264BD160B 12 GB,,"3,1600","3,4",,Green,13.75,11
Crucial CT2KIT102464BF1339 16 GB,69.98,"3,1333","2,8",4.374,Green,13.503,9
Crucial Ballistix Elite 8 GB,,"3,1866","2,4",,Black / Silver,9.646,9
Kingston Value 4 GB,24.56,"3,1333","1,4",6.14,Green,13.503,9
G.Skill Ripjaws Z 16 GB,,"3,1600","4,4",,Black / Red,11.25,9
GeIL EVO CORSA 16 GB,,"3,1333","2,8",,Black / Yellow,13.503,9
Corsair Vengeance 16 GB,,"3,1866","4,4",,Black / Red,9.646,9
Corsair Vengeance LP 16 GB,,"3,1600","4,4",,Black / Yellow,11.25,9
G.Skill Ripjaws Z 16 GB,,"3,2133","4,4",,Black / Red,10.314,11
Crucial CT25664BF1339 2 GB,14.99,"3,1333","1,2",7.495,Green,13.503,9
Corsair Vengeance 8 GB,,"3,1866","2,4",,Black / Red,9.646,9
Mushkin Essentials 4 GB,22.52,"3,1600","1,4",5.63,Green,13.75,11
G.Skill Ripjaws Z 16 GB,,"3,2400","4,4",,Black / Blue,7.5,9
Corsair Dominator GT 16 GB,,"3,2133","4,4",,Black / Red,8.439,9
Crucial Ballistix Sport 4 GB,,"3,1600","2,2",,Black / Silver,11.25,9
Mushkin Essentials 24 GB,,"3,1333","3,8",,Green,13.503,9
Mushkin Silverline 24 GB,,"3,1333","3,8",,Gray / Silver,13.503,9
AMD Performance Edition 8 GB,,"3,1333","2,4",,Black / Red,12.003,8
Crucial Ballistix Smart Tracer 12 GB,,"3,1600","3,4",,Black / Silver,10,8
Crucial Ballistix 8 GB,,"3,1866","2,4",,Orange / White,9.646,9
Kingston KHX2133C11D3K4/16GX 16 GB,,"3,2133","4,4",,Blue / Silver,10.314,11
GeIL EVO CORSA 8 GB,,"3,1600","1,8",,Black / Yellow,12.5,10
GeIL EVO CORSA 64 GB,,"3,1333","8,8",,Black / Yellow,13.503,9
G.Skill Ares 16 GB,,"3,1333","2,8",,Black / Orange,13.503,9
G.Skill Ares 32 GB,,"3,1333","4,8",,Black / Orange,13.503,9
G.Skill Ares 8 GB,51.94,"3,2133","2,4",6.492,Black / Blue,8.439,9
G.Skill Ares 8 GB,59.99,"3,1866","2,4",7.499,Black / Blue,9.646,9
"Patriot Gamer 2 Series, Division 4 Editi 16 GB",,"3,1866","4,4",,Black / Blue,9.646,9
Crucial Ballistix Tactical Tracer 8 GB,,"3,1600","2,4",,Black / Silver,10,8
G.Skill Ares 32 GB,,"3,1866","4,8",,Black / Blue,10.718,10
G.Skill Ares 32 GB,204,"3,1600","4,8",6.375,Black / Orange,12.5,10
Kingston HyperX 16 GB,,"3,1866","4,4",,Blue / Silver,9.646,9
Crucial Ballistix Tactical Tracer 8 GB,,"3,1866","2,4",,Black / Silver,9.646,9
G.Skill Ripjaws Z 8 GB,54.52,"3,2400","2,4",6.815,Black / Blue,8.333,10
G.Skill Trident X 8 GB,,"3,2666","2,4",,Black / Red,8.252,11
Corsair XMS 32 GB,,"3,1333","4,8",,Black / Blue,13.503,9
Corsair Vengeance 32 GB,,"3,1600","4,8",,Black / Silver,11.25,9
ADATA Premier 16 GB,,"3,1333","2,8",,Green,13.503,9
Corsair Vengeance LP 8 GB,,"3,1600","1,8",,Black / Yellow,12.5,10
Crucial Ballistix Elite 12 GB,,"3,1600","3,4",,Black / Silver,10,8
Kingston KVR16S11/8 8 GB,32.7,"3,1600","1,8",4.088,Green,13.75,11
Corsair Dominator Platinum 8 GB,,"3,1600","2,4",,Black / Silver,11.25,9
G.Skill Trident X 32 GB,,"3,2600","4,8",,,8.462,11
Corsair Vengeance 16 GB,,"3,2133","2,8",,Black / Silver,9.376,10
Corsair Vengeance LP 8 GB,,"3,2133","2,4",,Black / Blue,8.439,9
Kingston KVR13S9S8/4 4 GB,19.66,"3,1333","1,4",4.915,Green,13.503,9
Crucial Ballistix Sport 16 GB,,"3,1333","2,8",,Black / Silver,13.503,9
Corsair Vengeance LP 16 GB,,"3,1866","4,4",,Black / Yellow,9.646,9
Mushkin Blackline 32 GB,,"3,1866","4,8",,Black,11.79,11
Mushkin Blackline 32 GB,,"3,1866","4,8",,Black,11.79,11
Mushkin Blackline 16 GB,,"3,1600","2,8",,Black,11.25,9
Corsair Vengeance 64 GB,,"3,1600","8,8",,Black / Silver,11.25,9
G.Skill Ripjaws X 32 GB,,"3,1866","4,8",,Black / Blue,9.646,9
G.Skill Trident X 32 GB,,"3,2133","4,8",,Black / Red,8.439,9
G.Skill Ripjaws Z 16 GB,,"3,2133","2,8",,Black / Red,10.314,11
Kingston XMP Blu Red 8 GB,,"3,1600","2,4",,Red / Silver,11.25,9
Corsair Dominator Platinum 16 GB,,"3,2133","4,4",,Black / Silver,8.439,9
Kingston Blu Red 4 GB,46.98,"3,1600","1,4",11.745,Red / Silver,11.25,9
Corsair Vengeance 16 GB,,"3,2400","4,4",,Black / Silver,7.5,9
Kingston KVR13S9K2/16 16 GB,,"3,1333","2,8",,Green,13.503,9
Mushkin Silverline 8 GB,29.88,"3,1600","1,8",3.735,Gray / Silver,13.75,11
Patriot Viper 3 16 GB,,"3,1866","2,8",,Black / Red,10.718,10
Kingston KVR16S11K2/16 16 GB,83.98,"3,1600","2,8",5.249,Green,13.75,11
Pareema MD316C81611S2 8 GB,,"3,1600","2,4",,Green,13.75,11
Corsair Vengeance LP 16 GB,,"3,1866","4,4",,Black / Blue,9.646,9
ADATA XPG Gaming 16 GB,,"3,1600","2,8",,Black / Silver,11.25,9
Corsair Dominator 16 GB,,"3,1600","2,8",,Black / Blue,11.25,9
G.Skill Trident X 32 GB,,"3,1866","4,8",,Black / Red,8.574,8
Kingston Blu 16 GB,,"3,1333","2,8",,Blue / Silver,13.503,9
Mushkin Blackline 16 GB,,"3,2400","4,4",,Black,9.167,11
Kingston KVR16N11H/4 4 GB,21.99,"3,1600","1,4",5.497,Green,13.75,11
Kingston Black 16 GB,,"3,1600","2,8",,Black / Silver,12.5,10
Kingston Black 8 GB,,"3,1600","2,4",,Black / Silver,11.25,9
Crucial Ballistix Tactical 8 GB,,"3,1600","2,4",,Black / Yellow,10,8
G.Skill NS 8 GB,40.88,"3,1333","2,4",5.11,Black,13.503,9
G.Skill NS 8 GB,,"3,1600","2,4",,Black,13.75,11
Kingston HyperX Beast 8 GB,,"3,1866","2,4",,Black,9.646,9
Kingston KHX16C9K8/64X 64 GB,,"3,1600","8,8",,Blue / Silver,11.25,9
Kingston HyperX Beast 16 GB,,"3,1600","4,4",,Black,11.25,9
Kingston HyperX Beast 32 GB,,"3,1600","4,8",,Black,11.25,9
Kingston HyperX Beast 32 GB,,"3,1866","4,8",,Black,10.718,10
Kingston Black 8 GB,,"3,1600","2,4",,Black / Silver,11.25,9
Kingston Black 8 GB,,"3,1333","2,4",,,13.503,9
Kingston HyperX 16 GB,,"3,1600","2,8",,Green / Silver,11.25,9
GeIL EVO Leggara 16 GB,,"3,2400","2,8",,Black / Green,9.167,11
Crucial Ballistix Sport 8 GB,69.89,"3,1333","1,8",8.736,Black / Silver,13.503,9
Corsair Dominator Platinum 32 GB,,"3,1600","4,8",,Black / Silver,11.25,9
AMD Performance Edition 8 GB,,"3,1866","2,4",,Black / Red,10.718,10
Kingston HyperX 16 GB,,"3,1600","2,8",,Gray / Silver,12.5,10
Kingston XMP 10th Anniversary 32 GB,,"3,1600","4,8",,Gray / Silver,11.25,9
Kingston HyperX 10th Anniversary 4 GB,,"3,1600","1,4",,Gray / Silver,11.25,9
Kingston HyperX T1 8 GB,,"3,2000","2,4",,Blue,9,9
Patriot Signature 8 GB,,"3,1333","2,4",,Green,13.503,9
GeIL EVO Leggara 32 GB,,"3,1600","4,8",,Black / Green,11.25,9
Kingston HyperX Predator 16 GB,,"3,1866","2,8",,Black,10.718,10
Mushkin Stealth 16 GB,,"3,1600","2,8",,Black / Gold,11.25,9
Corsair Vengeance Pro 32 GB,,"3,2133","4,8",,Black / Silver,10.314,11
Corsair Vengeance Pro 8 GB,,"3,2133","2,4",,Black / Silver,10.314,11
Kingston KVR16LS11/4 4 GB,20.98,"3,1600","1,4",5.245,Green,13.75,11
Crucial Ballistix Sport XT 16 GB,,"3,1600","2,8",,Blue / Silver,11.25,9
Crucial Ballistix Sport XT 8 GB,,"3,1600","1,8",,Blue / Silver,11.25,9
Avexir Core 16 GB,,"3,1600","4,4",,Black / Blue,11.25,9
Corsair Vengeance Pro 16 GB,,"3,1600","2,8",,Black / Blue,11.25,9
G.Skill Trident X 16 GB,,"3,2800","2,8",,Black / Red,8.571,12
Mushkin Blackline 16 GB,,"3,2133","2,8",,Black,9.376,10
Mushkin Redline 16 GB,,"3,2400","2,8",,,8.333,10
G.Skill Trident X 32 GB,,"3,2800","4,8",,,8.571,12
ADATA XPG V2 8 GB,,"3,1600","2,4",,Black / Silver,11.25,9
ADATA XPG V2 16 GB,,"3,2800","2,8",,Black / Yellow,7.857,11
ADATA XPG V2 16 GB,,"3,2800","2,8",,Black / Silver,7.857,11
Kingston KTH-X3CL/4G 4 GB,39.99,"3,1600","1,4",9.998,,13.75,11
Avexir Core 24 GB,,"3,1600","3,8",,Black / Blue,12.5,10
ADATA XPG V2 16 GB,,"3,1600","2,8",,Black / Yellow,11.25,9
TEAMGROUP Vulcan 8 GB,,"3,1600","2,4",,Red / Amber,11.25,9
TEAMGROUP Vulcan 8 GB,,"3,1600","2,4",,Orange,11.25,9
TEAMGROUP Xtreem LV 16 GB,,"3,2133","2,8",,,10.314,11
TEAMGROUP Xtreem LV 16 GB,,"3,2400","2,8",,,8.333,10
TEAMGROUP Xtreem 16 GB,,"3,2666","2,8",,,8.252,11
TEAMGROUP Xtreem Dark 4 GB,,"3,1600","2,2",,,11.25,9
G.Skill Trident X 16 GB,,"3,2933","4,4",,,8.183,12
GeIL GeIL EVO VELOCE 8GB (2 x 4GB) 8 GB,,"3,1866","2,4",,Red / Silver,9.646,9
Patriot PV316G240C0KRD 16 GB,134.08,"3,2400","2,8",8.38,Black / Red,8.333,10
Patriot Patriot Viper 3 8GB 8 GB,,"3,1600","1,8",,,12.5,10
ADATA XPG V1.0 8 GB,,"3,1600","2,4",,Black / Silver,11.25,9
ADATA XPG V1.0 8 GB,,"3,1600","1,8",,,13.75,11
ADATA XPG V1.0 8 GB,,"3,1600","1,8",,Black / Silver,11.25,9
Crucial CT2K8G3ERSLQ81067 16 GB,,"3,1333","2,8",,Black / Silver,10.503,7
G.Skill Sniper 8 GB,,"3,1600","1,8",,Black / Red,11.25,9
G.Skill Ripjaws Z 32 GB,,"3,1866","4,8",,Black / Blue,10.718,10
TEAMGROUP Elite 4GB 4 GB,,"3,1333","1,4",,,13.503,9
G.Skill Aegis 16 GB,,"3,1333","2,8",,,13.503,9
G.Skill Aegis 16 GB,,"3,1600","2,8",,,13.75,11
G.Skill Aegis 8 GB,,"3,1600","2,4",,,13.75,11
Crucial Ballistix 8 GB,,"3,1866","1,8",,,9.646,9
Corsair Vengeance Pro 64 GB,,"3,2133","8,8",,Black / Silver,10.314,11
Corsair Dominator Platinum 8 GB,,"3,2400","2,4",,Black / Silver,7.5,9
Corsair Vengeance Pro 8 GB,,"3,2400","2,4",,Black / Silver,9.167,11
G.Skill Ripjaws 8 GB,,"3,2133","2,4",,Black / Red,10.314,11
GeIL EVO POTENZA 8 GB,,"3,2133","2,4",,Black / Red,10.314,11
Corsair Vengeance Pro 32 GB,,"3,2400","4,8",,Black / Red,9.167,11
GeIL DRAGON 8 GB,,"3,1600","1,8",,Black / Gold,13.75,11
Crucial CT2G3S1067M 2 GB,19.98,"3,1066","1,2",9.99,Black / Green,13.133,7
G.Skill FA-10666CL9S-4GBSQ 4 GB,,"3,1333","1,4",,Black / Green,13.503,9
G.Skill FA-1333C9Q-16GSQ 16 GB,,"3,1333","4,4",,Black / Green,13.503,9
IBM 00D4955 4 GB,169.99,"3,1600","1,4",42.498,Black / Green,13.75,11
IBM 00D4964 16 GB,,"3,1333","1,16",,Black / Green,13.503,9
Corsair Vengeance Pro 32 GB,,"3,2666","4,8",,Black / Red,8.252,11
Corsair Vengeance Pro 8 GB,,"3,3000","2,4",,Black / Red,8,12
GeIL Green 4 GB,,"3,1333","1,4",,Black / Green,13.503,9
GeIL EVO POTENZA 16 GB,,"3,1600","2,8",,Black / Red,11.25,9
Corsair Dominator Platinum 16 GB,,"3,2666","2,8",,Black / Silver,8.252,11
Corsair Dominator Platinum 16 GB,,"3,2933","4,4",,Black / Silver,8.183,12
VisionTek 900667 8 GB,,"3,1600","1,8",,Black / Silver,13.75,11
Patriot Signature Apple Line 8 GB,50.88,"3,1600","2,4",6.36,Black / Green,13.75,11
GeIL EVO VELOCE 8 GB,,"3,1333","1,8",,Red / Silver,13.503,9
Mushkin Essentials 16 GB,,"3,1866","4,4",,Black / Green,13.934,13
Patriot Signature 2 GB,,"3,1333","1,2",,Black / Green,13.503,9
Patriot Viper 3 Low Profile Black 8 GB,77.4,"3,1866","2,4",9.675,Black / Silver,9.646,9
Corsair Dominator Platinum 32 GB,,"3,2666","4,8",,Black / Silver,9.002,12
Kingston ValueRAM 48 GB,399.6,"3,1600","3,16",8.325,Black / Green,13.75,11
Mushkin 977136A 16 GB,,"3,1866","2,8",,Black / Green,13.934,13
ADATA XPG V2 8 GB,,"3,1866","2,4",,Yellow,10.718,10
ADATA XPG V2 16 GB,,"3,1866","2,8",,Black / Silver,10.718,10
Kingston KHX18C10K2/16 16 GB,,"3,1866","2,8",,Blue / Silver,10.718,10
Patriot Viper 3 Low Profile Blue 32 GB,,"3,2133","4,8",,Black / Blue,10.314,11
ADATA XPG V1.0 8 GB,,"3,1600","2,4",,Red / Silver,11.25,9
ADATA Premier 8 GB,,"3,1333","2,4",,Black / Green,13.503,9
Kingston KHX18C10/4 4 GB,,"3,1866","1,4",,Blue / Silver,10.718,10
Corsair Dominator Platinum 16 GB,,"3,2400","2,8",,Black / Silver,9.167,11
Patriot PXD38G1600C10K 8 GB,,"3,1600","2,4",,Black / Silver,12.5,10
Kingston HyperX Fury 4 GB,,"3,1333","1,4",,Blue / Silver,13.503,9
Kingston HyperX Fury 4 GB,,"3,1333","1,4",,Black / Silver,13.503,9
Kingston HyperX Fury 4 GB,,"3,1333","1,4",,White / Silver,13.503,9
Kingston HyperX Fury 16 GB,,"3,1333","2,8",,White / Silver,13.503,9
Kingston HyperX Fury 4 GB,,"3,1600","1,4",,Black / Silver,12.5,10
Kingston HyperX Fury 8 GB,,"3,1866","1,8",,Blue / Silver,10.718,10
Kingston HyperX Fury 8 GB,,"3,1866","1,8",,Red / Silver,10.718,10
Corsair Vengeance Pro 16 GB,,"3,2133","2,8",,Black / Red,8.439,9
Crucial Ballistix Sport 16 GB,,"3,1600","4,4",,Black / Silver,11.25,9
AMD Radeon R3 Value 16 GB,,"3,1333","2,8",,Black / Red,13.503,9
AMD Radeon R5 Entertainment 4 GB,,"3,1600","1,4",,Black / Red,13.75,11
AMD Radeon R5 Entertainment 16 GB,,"3,1600","2,8",,Black / Red,13.75,11
Mushkin Redline 8 GB,,"3,1866","2,4",,Red / Silver,8.574,8
Mushkin Redline 16 GB,,"3,1600","2,8",,Red / Silver,8.75,7
Mushkin Redline 16 GB,,"3,1866","2,8",,Red / Silver,8.574,8
PNY MD16384KD3-1866-X9 16 GB,,"3,1866","2,8",,Black / Silver,9.646,9
PNY MD4096SD3-1600-X9 4 GB,,"3,1600","1,4",,Black / Silver,11.25,9
PNY MD8192SD3-1866-X9 8 GB,,"3,1866","1,8",,Black / Silver,9.646,9
V7 V73T4GNZBII 4 GB,,"3,1333","1,4",,Black / Green,13.503,9
G.Skill Ripjaws 32 GB,,"3,1333","4,8",,Black / Red,13.503,9
Kingston KHX18C10K4/16 16 GB,,"3,1866","4,4",,Blue / Silver,10.718,10
Mushkin Redline 32 GB,,"3,1600","4,8",,Red / White,8.75,7
Kingston KVR1333D3E9S/4G 4 GB,18.8,"3,1333","1,4",4.7,Black / Green,13.503,9
Kingston HyperX Savage 8 GB,,"3,1866","2,4",,Black / Red,9.646,9
Kingston HyperX Savage 32 GB,,"3,1866","4,8",,Black / Red,9.646,9
Kingston HyperX Savage 8 GB,,"3,2133","2,4",,Black / Red,10.314,11
Kingston HyperX Savage 8 GB,,"3,2400","2,4",,Black / Red,9.167,11
Kingston HyperX Savage 8 GB,,"3,1866","1,8",,Black / Red,9.646,9
Kingston HyperX Savage 16 GB,,"3,1866","2,8",,Black / Red,9.646,9
Kingston HyperX Savage 32 GB,,"3,2133","4,8",,Black / Red,10.314,11
Kingston HyperX Predator 8 GB,,"3,1866","2,4",,Black / Blue,9.646,9
Kingston HyperX Beast 16 GB,,"3,1866","4,4",,Black,9.646,9
Kingston HyperX Fury 8 GB,,"3,1866","2,4",,Blue / Silver,10.718,10
Mushkin Blackline 32 GB,,"3,1600","4,8",,Yellow,11.25,9
Mushkin Stealth 16 GB,,"3,2133","4,4",,Black,9.376,10
Mushkin Blackline 8 GB,,"3,1600","2,4",,Black,12.5,10
Patriot Signature 2 GB,,"3,1333","1,2",,Blue / Silver,13.503,9
TEAMGROUP Vulcan 8 GB,,"3,2400","2,4",,Orange,9.167,11
TEAMGROUP Vulcan 8 GB,,"3,2133","2,4",,Red,10.314,11
TEAMGROUP Elite Plus 16 GB,,"3,1600","2,8",,Black / Gold,13.75,11
TEAMGROUP Zeus Blue 8 GB,,"3,2133","2,4",,Blue,10.314,11
TEAMGROUP Zeus Red 8 GB,,"3,1600","2,4",,Red,11.25,9
ADATA XPG V1.0 8 GB,,"3,1600","1,8",,Red / White,11.25,9
ADATA XPG V1.0 16 GB,,"3,2133","2,8",,Red / White,9.376,10
G.Skill Ripjaws Z 32 GB,,"3,2400","4,8",,Black / Blue,8.333,10
Mushkin 977146A 32 GB,,"3,1866","2,16",,Black,13.934,13
Mushkin Proline 32 GB,,"3,1333","1,32",,Silver,10.503,7
Mushkin Proline 32 GB,100.83,"3,1333","1,32",3.151,Silver,13.503,9
Crucial Ballistix Sport 4 GB,,"3,1333","2,2",,Black / Silver,13.503,9
GeIL EVO POTENZA 8 GB,,"3,2400","2,4",,Black / Red,9.167,11
Silicon Power SP008GBLTU133N02 8 GB,,"3,1333","1,8",,Black / Green,13.503,9
TEAMGROUP R-DIMM 2 GB,,"3,1600","1,2",,Black / Green,13.75,11
Mushkin Blackline 16 GB,,"3,2133","2,8",,Black / White,9.376,10
Silicon Power SP008GXLYU18ANDA 8 GB,,"3,1866","2,4",,Red,9.646,9
Samsung M393B1K70DH0-CK008/Q 8 GB,,"3,1600","1,8",,Black / Green,13.75,11
Crucial Ballistix Tactical Tracer 16 GB,,"3,1600","2,8",,Black / Silver,10,8
G.Skill Ares 16 GB,,"3,1600","2,8",,Blue,12.5,10
Klevv Urbane 8 GB,,"3,2800","2,4",,Silver,8.571,12
Klevv Genuine 16 GB,,"3,2666","2,8",,Black / Silver,9.002,12
Klevv Neo 32 GB,,"3,1600","4,8",,Silver,11.25,9
Crucial CT2KIT25672BD160B 4 GB,,"3,1600","2,2",,Green,13.75,11
Kingston KVR18R13D4K4/64 64 GB,,"3,1866","4,16",,Green,13.934,13
Kingston KVR18L13Q4/32 32 GB,68.98,"3,1866","1,32",2.156,Gray,13.934,13
Kingston KVR1333D3E9SK2/16G 16 GB,125,"3,1333","2,8",7.812,Green,13.503,9
Kingston KVR13LE9/8 8 GB,,"3,1333","1,8",,Green,13.503,9
Kingston KVR16LE11/8I 8 GB,38.99,"3,1600","1,8",4.874,Green,13.75,11
Avexir Core 8 GB,,"3,1600","1,8",,Black / Red,13.75,11
Avexir Core 16 GB,,"3,2400","2,8",,Black / Blue,9.167,11
TEAMGROUP Dark 16 GB,,"3,1600","2,8",,Black,11.25,9
Super Talent W1333UB4GV 4 GB,,"3,1333","1,4",,Green,13.503,9
PNY XLR8 16 GB,,"3,2133","2,8",,Black / Red,9.376,10
Kingston HX328C12T2K2/8 8 GB,,"3,2800","2,4",,Black / Blue,7.857,11
PNY Anarchy 32 GB,,"3,2133","4,8",,Black / Red,9.376,10
PNY Anarchy 8 GB,,"3,2133","2,4",,Black / Red,9.376,10
PNY Anarchy 8 GB,,"3,1600","1,8",,Black / Red,11.25,9
Corsair Vengeance LP 4 GB,,"3,1600","1,4",,Red,13.75,11
Corsair Vengeance LP 8 GB,,"3,1600","2,4",,Red,13.75,11
Corsair Vengeance LP 16 GB,,"3,1600","2,8",,Black / Red,13.75,11
Kingston HyperX Fury 8 GB,,"3,1600","1,8",,Black,12.5,10
Crucial Ballistix Sport 8 GB,,"3,1600","2,4",,Black / Silver,11.25,9
Patriot Viper 3 8 GB,81.94,"3,2400","2,4",10.242,Red / Silver,8.333,10
TEAMGROUP Vulcan 8 GB,,"3,1600","1,8",,Black / Red,11.25,9
Mushkin Essentials 4 GB,,"3,1866","1,4",,Black / Green,13.934,13
Corsair Vengeance Pro 16 GB,,"3,1866","2,8",,Black / Silver,11.79,11
Corsair Vengeance Pro 8 GB,,"3,1866","2,4",,Black / Red,11.79,11
Corsair Vengeance Pro 8 GB,,"3,2133","2,4",,Black / Red,10.314,11
Corsair Vengeance Performance 16 GB,,"3,2133","2,8",,Black / Yellow,10.314,11
Kingston D51264KL110S 4 GB,,"3,1600","1,4",,Black / Green,13.75,11
Crucial CT51264BF186DJ 4 GB,16.48,"3,1866","1,4",4.12,Black / Green,13.934,13
Crucial CT2KIT102464BF186D 16 GB,28.68,"3,1866","2,8",1.792,Black / Green,13.934,13
G.Skill Ripjaws X 16 GB,,"3,1600","2,8",,Black / Red,11.25,9
Mushkin Essentials 32 GB,,"3,1866","2,16",,Black / Blue,13.934,13
Corsair Vengeance Pro 32 GB,,"3,2133","4,8",,Black / Silver,10.314,11
Crucial CT2K51264BF186DJ 8 GB,39.99,"3,1866","2,4",4.999,Black / Green,13.934,13
Crucial Ballistix Tactical 16 GB,,"3,2133","2,8",,Yellow,10.314,11
TEAMGROUP Dark 16 GB,,"3,2400","2,8",,Red,9.167,11
Avexir Raiden 8 GB,,"3,2400","2,4",,,8.333,10
Avexir Blitz 1.1 16 GB,,"3,2400","2,8",,Black / Yellow,8.333,10
Avexir Blitz 1.1 8 GB,,"3,3200","2,4",,Black / Red,8.125,13
TEAMGROUP Elite 2 GB,,"3,1333","1,2",,Green / Black,13.503,9
TEAMGROUP Elite 2 GB,,"3,1600","1,2",,Green / Black,13.75,11
TEAMGROUP Elite 16 GB,,"3,1600","2,8",,Black,13.75,11
TEAMGROUP Xtreem LV 16 GB,,"3,2600","4,4",,Red / Black,7.692,10
TEAMGROUP Xtreem LV 8 GB,,"3,2400","2,4",,Red / Black,7.5,9
G.Skill Ares 8 GB,,"3,1600","1,8",,Orange,12.5,10
G.Skill Performance 8 GB,,"3,1600","4,2",,Red,11.25,9
G.Skill Ripjaws X 2 GB,,"3,1600","1,2",,Red,11.25,9
G.Skill Ripjaws X 8 GB,,"3,2400","1,8",,Blue,9.167,11
G.Skill F3-1600C11S-8GSL 8 GB,,"3,1600","1,8",,,13.75,11
G.Skill Ripjaws 16 GB,39,"3,1866","2,8",2.438,,11.79,11
Mushkin Essentials 8 GB,17.18,"3,1066","1,8",2.147,Green,13.133,7
G.Skill Ripjaws X 32 GB,,"3,2133","4,8",,Black / Red,10.314,11
Corsair Vengeance Pro 8 GB,119.2,"3,2133","2,4",14.9,Black / Red,7.501,8
Samsung M393B2G70DB0-CK0 16 GB,31.92,"3,1600","1,16",1.995,Black / Green,13.75,11
Kingston ValueRAM 16 GB,29.99,"3,1600","1,16",1.874,Green,13.75,11
Mushkin Essentials 16 GB,186.99,"3,1866","1,16",11.687,Black / Blue,13.934,13
Mushkin Proline 16 GB,45.84,"3,1866","1,16",2.865,,13.934,13
Kingston ValueRAM 3 GB,25.48,"3,1333","3,1",8.493,Green,13.503,9
Patriot Signature 4 GB,,"3,1333","1,4",,Blue,13.503,9
Mushkin 996647 8 GB,22,"3,1333","2,4",2.75,Green,13.503,9
Crucial CT2KIT51264BF1339 8 GB,32.59,"3,1333","2,4",4.074,Green,13.503,9
G.Skill F3-10666CL9D-16GBSQ 16 GB,36.4,"3,1333","2,8",2.275,Green,13.503,9
G.Skill Trident X 16 GB,107.31,"3,2400","4,4",6.707,Black / Red,8.333,10
Crucial CT2KIT51264BF160B 8 GB,,"3,1600","2,4",,Green,13.75,11
Crucial CT16G3R186DM 16 GB,42.99,"3,1866","1,16",2.687,Black / Green,13.934,13
Kingston KVR13N9S6/2 2 GB,19.98,"3,1333","1,2",9.99,Black / Green,13.503,9
Kingston KVR16R11D4/16HA 16 GB,34.89,"3,1600","1,16",2.181,Green,13.75,11
Kingston ValueRAM 64 GB,139.01,"3,1600","4,16",2.172,Green,13.75,11
Kingston KVR16LR11D4K4/64 64 GB,399,"3,1600","4,16",6.234,Blue,13.75,11
Kingston KVR16LR11D4/16HA 16 GB,28.99,"3,1600","1,16",1.812,Green,13.75,11
Kingston KVR1333D3D4R9SK3/24G 24 GB,124.99,"3,1333","3,8",5.208,Green,13.503,9
Kingston KVR13LR9D4K4/64 64 GB,297.75,"3,1333","4,16",4.652,Green,13.503,9
Mushkin Proline 16 GB,43.82,"3,1600","1,16",2.739,Green,13.75,11
Crucial CT25664BC1067 2 GB,,"3,1066","1,2",,Green,13.133,7
Corsair Dominator 4 GB,,"3,1600","2,2",,Black / Blue,10,8
Corsair Dominator GT 6 GB,,"3,1600","3,2",,Black / Red,8.75,7
Corsair XMS3 3 GB,,"3,1333","3,1",,Black / White,13.503,9
Corsair Dominator 4 GB,,"3,1600","2,2",,Black / Blue,10,8
Corsair Dominator GT 4 GB,,"3,1600","2,2",,Black / Red,8.75,7
Corsair Dominator GT 4 GB,,"3,1600","2,2",,Black / Red,8.75,7
Corsair Dominator 6 GB,,"3,1600","3,2",,Black / Blue,11.25,9
Corsair XMS3 6 GB,,"3,1600","3,2",,Black / Blue,10,8
Corsair Dominator 6 GB,,"3,1600","3,2",,Black / White,10,8
Corsair Dominator 2 GB,,"3,1600","2,1",,Black / Blue,11.25,9
Corsair XMS3 6 GB,,"3,1600","3,2",,Black / White,11.25,9
Corsair XMS3 2 GB,,"3,1333","2,1",,Black / White,13.503,9
Corsair XMS3 2 GB,,"3,1333","2,1",,Black / White,13.503,9
Crucial CT2CP25672BA1067 4 GB,,"3,1066","2,2",,Green,13.133,7
Crucial CT2KIT12864BA1339 2 GB,,"3,1333","2,1",,Green,13.503,9
Crucial CT2KIT25664BA1067 4 GB,,"3,1066","2,2",,Green,13.133,7
Crucial CT2KIT25664BC1067 4 GB,,"3,1066","2,2",,Green,13.133,7
Crucial CT3KIT12864BA1339 3 GB,,"3,1333","3,1",,Green,13.503,9
Crucial CT3KIT25664BA1067 6 GB,,"3,1066","3,2",,Green,13.133,7
Crucial CT3KIT25664BA1339 6 GB,,"3,1333","3,2",,Green,13.503,9
Corsair Dominator 4 GB,,"3,1600","2,2",,Black / Blue,11.25,9
Corsair Dominator 4 GB,,"3,1600","2,2",,Black / Blue,8.75,7
Corsair Dominator GT 6 GB,,"3,1866","3,2",,Black / Red,9.646,9
Corsair Dominator 6 GB,,"3,1800","3,2",,Black / Blue,10,9
Kingston ValueRAM 6 GB,,"3,1333","3,2",,Green,13.503,9
Patriot Sector 5 4 GB,,"3,1333","2,2",,Black / Red,13.503,9
Patriot Sector 5 4 GB,53.73,"3,1600","2,2",13.432,Black / Red,11.25,9
Patriot PSD32G13332 2 GB,,"3,1333","1,2",,Green,13.503,9
Patriot Viper 4 GB,,"3,1333","2,2",,Silver,10.503,7
Patriot Viper 6 GB,,"3,1600","3,2",,Black / Blue,11.25,9
Patriot Viper II Sector 5 4 GB,59.9,"3,1600","2,2",14.975,Black / Red,10,8
OCZ Blade 6 GB,,"3,2000","3,2",,Black / Silver,9,9
OCZ Platinum 6 GB,,"3,1333","3,2",,Black / Silver,10.503,7
OCZ Platinum 2 GB,,"3,1600","2,1",,Silver,8.75,7
OCZ Platinum 6 GB,,"3,1600","3,2",,Silver,8.75,7
ADATA Gaming 4 GB,,"3,1600","2,2",,Black,11.25,9
ADATA Gaming 6 GB,,"3,1600","3,2",,Black,11.25,9
Corsair XMS3 12 GB,,"3,1600","6,2",,Black / Blue,11.25,9
G.Skill Ripjaws 16 GB,179.95,"3,1600","4,4",11.247,Black / Red,11.25,9
G.Skill Ripjaws 4 GB,,"3,1600","2,2",,Black / Blue,10,8
Corsair Dominator 4 GB,,"3,1600","2,2",,Black / Blue,10,8
Kingston HyperX 8 GB,,"3,1600","4,2",,Blue / White,10,8
Kingston HyperX 6 GB,,"3,1600","3,2",,Blue / White,8.75,7
Kingston HyperX 6 GB,,"3,1600","3,2",,Blue / White,10,8
Kingston HyperX 6 GB,,"3,1600","3,2",,Blue / White,11.25,9
Kingston HyperX 3 GB,,"3,1600","3,1",,Blue / White,10,8
Corsair XMS3 4 GB,,"3,1600","2,2",,Black / Blue,11.25,9
Corsair XMS3 4 GB,,"3,1333","2,2",,Black / Blue,13.503,9
Corsair XMS3 4 GB,,"3,1333","2,2",,Black / White,13.503,9
Corsair XMS3 6 GB,,"3,1600","3,2",,Black / Blue,8.75,7
Corsair XMS3 8 GB,,"3,1333","4,2",,Black / Blue,13.503,9
Corsair XMS3 8 GB,,"3,1600","4,2",,Black / Blue,11.25,9
Corsair XMS3 6 GB,,"3,1333","3,2",,Black / Blue,10.503,7
Corsair XMS3 6 GB,,"3,1600","3,2",,Black / Blue,10,8
Corsair XMS3 2 GB,,"3,1333","2,1",,Black / Blue,13.503,9
Corsair XMS 6 GB,,"3,2000","3,2",,Black / Blue,9,9
Corsair Dominator GT 4 GB,,"3,2133","2,2",,Black / Red,8.439,9
Crucial Ballistix 4 GB,,"3,1600","2,2",,Orange,10,8
Crucial Ballistix 4 GB,,"3,1600","2,2",,Orange,10,8
Corsair Dominator GT 12 GB,,"3,1866","6,2",,Black / Red,9.646,9
Corsair Dominator GT 4 GB,,"3,1866","2,2",,Black / Red,9.646,9
Corsair Dominator GT 6 GB,,"3,2000","3,2",,Black / Red,8,8
Corsair Dominator GT 8 GB,,"3,2000","2,4",,Black / Red,9,9
Corsair Dominator 3 GB,,"3,1600","3,1",,Black / Blue,10,8
Corsair XMS3 4 GB,,"3,1600","1,4",,Black / Silver,8.75,7
ADATA Gaming 2 GB,,"3,1600","1,2",,Black / Silver,11.25,9
ADATA XPG Gaming Series v2.0 4 GB,,"3,1600","2,2",,Black / Green,11.25,9
ADATA XPG Gaming Series v2.0 6 GB,,"3,1600","3,2",,Black / Green,11.25,9
ADATA Plus 6 GB,,"3,1600","3,2",,Red / Silver,10,8
Crucial Ballistix 2 GB,,"3,1600","1,2",,Orange,10,8
Crucial Ballistix 2 GB,,"3,1600","1,2",,Black / Yellow,10,8
Crucial Ballistix Tracer 2 GB,,"3,1600","1,2",,Blue / Silver,10,8
Crucial Ballistix Tracer 2 GB,,"3,1600","1,2",,Black / Silver,10,8
Crucial Ballistix Tracer 2 GB,,"3,1600","1,2",,Red / Silver,10,8
Crucial Ballistix Tracer 2 GB,,"3,1600","2,1",,Green / Silver,10,8
Crucial Ballistix Tracer 4 GB,,"3,1600","2,2",,Blue / Silver,10,8
Crucial Ballistix Tracer 4 GB,,"3,1600","2,2",,Green / Silver,10,8
Crucial Ballistix Tracer 4 GB,,"3,1600","2,2",,Black / Silver,10,8
Crucial Ballistix Tracer 3 GB,,"3,1600","3,1",,Blue / Silver,10,8
Crucial Ballistix Tracer 3 GB,,"3,1600","3,1",,Red / Silver,10,8
Crucial Ballistix 6 GB,,"3,1600","3,2",,Orange / White,10,8
Crucial Ballistix Tracer 6 GB,,"3,1600","3,2",,Blue / Silver,10,8
Crucial Ballistix Tracer 6 GB,,"3,1600","3,2",,Green / Silver,10,8
Crucial Ballistix Tracer 6 GB,,"3,1600","3,2",,Black / Silver,10,8
Crucial Ballistix Tracer 6 GB,,"3,1600","3,2",,Red / Silver,10,8
G.Skill PI 8 GB,,"3,1600","4,2",,Black / Blue,7.5,6
G.Skill PI 6 GB,,"3,1600","3,2",,Black / Blue,7.5,6
G.Skill PI + Turbulence 12 GB,,"3,1600","6,2",,Black / Blue,7.5,6
G.Skill ECO 4 GB,,"3,1600","2,2",,Silver,8.75,7
G.Skill Ripjaws 4 GB,,"3,1600","2,2",,Black / Blue,8.75,7
G.Skill Trident+ Turbulence II 8 GB,,"3,1600","2,4",,Black / Red,8.75,7
G.Skill Trident+ Turbulence II 16 GB,,"3,1600","4,4",,Black / Red,8.75,7
G.Skill ECO 8 GB,,"3,1600","4,2",,Black / Silver,8.75,7
G.Skill Ripjaws 8 GB,,"3,1600","4,2",,Black / Blue,8.75,7
G.Skill Trident+ Turbulence II 12 GB,,"3,1600","3,4",,Black / Red,8.75,7
G.Skill PI 6 GB,,"3,1600","3,2",,Black / Blue,8.75,7
G.Skill Trident+ Turbulence II 24 GB,,"3,1600","6,4",,Black / Red,8.75,7
G.Skill ECO 4 GB,,"3,1600","2,2",,Black / Silver,10,8
G.Skill Trident 4 GB,,"3,1600","2,2",,Black / Red,10,8
G.Skill ECO 8 GB,,"3,1600","2,4",,Silver,10,8
G.Skill ECO 8 GB,,"3,1600","4,2",,Silver,10,8
G.Skill Ripjaws 8 GB,,"3,1600","4,2",,Black / Blue,10,8
G.Skill F3-12800CL9D-2GBNQ 2 GB,,"3,1600","2,1",,Red / Silver,11.25,9
G.Skill Ripjaws 8 GB,,"3,1600","4,2",,Black / Red,11.25,9
G.Skill F3-12800CL9T-3GBNQ 3 GB,,"3,1600","3,1",,Red / Silver,11.25,9
G.Skill F3-12800CL9T2-12GBNQ 12 GB,,"3,1600","6,2",,Red / Silver,11.25,9
GeIL Black Dragon 4 GB,,"3,1600","2,2",,Black / Gold,10,8
GeIL Black Dragon 4 GB,,"3,1600","2,2",,Black / Gold,11.25,9
GeIL Black Dragon 8 GB,,"3,1600","4,2",,Black / Gold,11.25,9
GeIL Value PLUS 4 GB,,"3,1600","2,2",,Black / Silver,11.25,9
GeIL Value PLUS 4 GB,,"3,1600","1,4",,Black / Silver,11.25,9
GeIL Value PLUS 6 GB,,"3,1600","3,2",,Black / Silver,10,8
GeIL Value PLUS 6 GB,,"3,1600","3,2",,Black / Silver,11.25,9
Kingston HyperX 4 GB,,"3,1600","2,2",,Blue / Silver,8.75,7
Kingston HyperX 4 GB,,"3,1600","2,2",,Blue,10,8
Kingston HyperX 2 GB,,"3,1600","1,2",,Blue / Silver,11.25,9
Kingston HyperX Blu 2 GB,,"3,1600","1,2",,Blue / Silver,11.25,9
Kingston HyperX Blu 2 GB,,"3,1600","2,1",,Blue / Silver,11.25,9
Kingston HyperX 2 GB,,"3,1600","2,1",,Blue / Silver,11.25,9
Kingston HyperX 4 GB,,"3,1600","2,2",,Blue / Silver,11.25,9
Kingston HyperX Blu 4 GB,,"3,1600","2,2",,Blue / Silver,11.25,9
Kingston HyperX 4 GB,,"3,1600","2,2",,Blue / Silver,11.25,9
Kingston HyperX 8 GB,,"3,1600","4,2",,Blue / Silver,11.25,9
Kingston HyperX T1 6 GB,,"3,1600","3,2",,Blue,11.25,9
PNY XLR8 4 GB,,"3,1600","2,2",,Black / Silver,10,8
PNY XLR8 6 GB,,"3,1600","3,2",,Black / Silver,10,8
Patriot Gamer 12 GB,,"3,1600","3,4",,Black / Green,11.25,9
Patriot Gamer 24 GB,,"3,1600","6,4",,Black / Green,11.25,9
Patriot Gamer 4 GB,58.31,"3,1600","2,2",14.578,Black / Green,11.25,9
Patriot G Series Sector 5 8 GB,,"3,1600","2,4",,Black / Red,11.25,9
Patriot Viper II Sector 7 Edition 12 GB,,"3,1600","3,4",,Black / Blue,11.25,9
Patriot Viper II Sector 7 Edition 24 GB,,"3,1600","6,4",,Black / Blue,11.25,9
Patriot Viper II Sector 7 Edition 6 GB,59,"3,1600","3,2",9.833,Black / Blue,11.25,9
Patriot Viper II Sector 7 Edition 6 GB,,"3,1600","3,2",,Black / Blue,10,8
Patriot Viper Xtreme 4 GB,62.82,"3,1600","2,2",15.705,Black / Silver,10,8
Patriot Viper Xtreme 8 GB,92.87,"3,1600","2,4",11.609,Black / Silver,10,8
Patriot Viper Xtreme 12 GB,127.06,"3,1600","3,4",10.588,Black / Silver,10,8
Patriot Viper Xtreme 6 GB,83.13,"3,1600","3,2",13.855,Black / Silver,10,8
OCZ AMD Black Edition 4 GB,,"3,1600","2,2",,Black / Silver,10,8
OCZ Blade SuperTuned 4 GB,,"3,1600","2,2",,Black / Red,8.75,7
OCZ Fatal1ty 4 GB,,"3,1600","2,2",,Black / Silver,8.75,7
OCZ Fatal1ty 6 GB,,"3,1600","3,2",,Black / Silver,8.75,7
Corsair XMS3 4 GB,,"3,1600","1,4",,Black / Blue,11.25,9
Crucial Ballistix Tracer 4 GB,,"3,1600","2,2",,Red / Silver,10,8
G.Skill Ripjaws 12 GB,,"3,1600","3,4",,Black / Blue,10,8
GeIL Value PLUS 8 GB,,"3,1600","2,4",,Black / Silver,11.25,9
OCZ Flex II 4 GB,,"3,1600","2,2",,Black / Silver,10,8
OCZ Gold 4 GB,,"3,1600","2,2",,Black / Gold,10,8
OCZ Obsidian 6 GB,,"3,1600","3,2",,Black / Silver,11.25,9
OCZ Obsidian 4 GB,,"3,1600","2,2",,Black / Silver,11.25,9
OCZ Reaper 6 GB,,"3,1600","3,2",,Black / Silver,7.5,6
OCZ Reaper X 4 GB,,"3,1600","2,2",,Black / Silver,10,8
OCZ Reaper HPC R2 6 GB,,"3,1600","3,2",,Black / Silver,8.75,7
OCZ Reaper HPC R2 12 GB,,"3,1600","6,2",,Black / Silver,8.75,7
OCZ Reaper HPC 4 GB,,"3,1600","2,2",,Black / Silver,10,8
OCZ Platinum 4 GB,,"3,1600","2,2",,Silver,7.5,6
OCZ Platinum 6 GB,,"3,1600","3,2",,Silver,7.5,6
OCZ Platinum 4 GB,,"3,1600","2,2",,Silver,11.25,9
OCZ Platinum 6 GB,,"3,1600","3,2",,Silver,11.25,9
OCZ Signature 4 GB,,"3,1600","2,2",,Green / Silver,11.25,9
OCZ Special Ops Edition 4 GB,,"3,1600","2,2",,Camo,10,8
OCZ Signature 4 GB,,"3,1600","2,2",,Red / Silver,10,8
OCZ OCZ3X1600R2LV6GK 6 GB,,"3,1600","3,2",,Black / Silver,10,8
OCZ Platinum XTE 4 GB,,"3,1600","2,2",,Black / Silver,8.75,7
OCZ Platinum XTE 6 GB,,"3,1600","3,2",,Black / Silver,8.75,7
Patriot PSD34G16002H 4 GB,,"3,1600","1,4",,Black / Silver,11.25,9
Wintec AMPX 4 GB,,"3,1600","2,2",,Black / Silver,10,8
Mushkin Blackline 4 GB,,"3,1600","2,2",,Black / Silver,10,8
Mushkin Blackline 8 GB,,"3,1600","2,4",,Black / Silver,11.25,9
Mushkin Blackline 4 GB,,"3,1600","2,2",,Black / Silver,11.25,9
Mushkin Blackline 4 GB,,"3,1600","2,2",,Black / Silver,8.75,7
Mushkin Ridgeback 4 GB,,"3,1600","2,2",,Black,7.5,6
Mushkin Redline 4 GB,,"3,1600","2,2",,Red,7.5,6
Mushkin Blackline 6 GB,,"3,1600","3,2",,Black / Silver,11.25,9
Mushkin Blackline 6 GB,,"3,1600","3,2",,Black / Silver,8.75,7
Mushkin Blackline 6 GB,,"3,1600","3,2",,Black / Silver,10,8
Mushkin Blackline 12 GB,,"3,1600","3,4",,Black / Silver,11.25,9
Mushkin Blackline 6 GB,,"3,1600","3,2",,Black / Silver,11.25,9
Mushkin Ridgeback 6 GB,,"3,1600","3,2",,Black,10,8
Mushkin Silverline 6 GB,,"3,1600","3,2",,Black / Silver,8.75,7
Corsair XMS3 12 GB,,"3,1333","3,4",,Black / White,13.503,9
Corsair XMS3 2 GB,,"3,1333","1,2",,Black / White,13.503,9
Corsair XMS3 4 GB,,"3,1333","2,2",,Black / Blue,13.503,9
Crucial Ballistix 1 GB,,"3,1333","1,1",,Green,10.503,7
Crucial Ballistix 2 GB,,"3,1333","1,2",,Orange / White,10.503,7
Crucial Ballistix Tracer 2 GB,,"3,1333","1,2",,Blue / Silver,10.503,7
Crucial Ballistix Tracer 2 GB,,"3,1333","1,2",,Green / Silver,10.503,7
Crucial Ballistix Tracer 2 GB,,"3,1333","1,2",,Black / Silver,10.503,7
Crucial Ballistix Tracer 2 GB,,"3,1333","1,2",,Red / Silver,10.503,7
Crucial Ballistix 2 GB,,"3,1333","2,1",,Orange / White,10.503,7
Crucial Ballistix Tracer 2 GB,,"3,1333","2,1",,Blue / Silver,10.503,7
Crucial Ballistix Tracer 2 GB,,"3,1333","2,1",,Black / Silver,10.503,7
Crucial Ballistix Tracer 2 GB,,"3,1333","2,1",,Red / Silver,10.503,7
Crucial Ballistix 4 GB,,"3,1333","2,2",,Orange / White,10.503,7
Crucial Ballistix Tracer 4 GB,,"3,1333","2,2",,Blue / Silver,10.503,7
Crucial Ballistix Tracer 4 GB,,"3,1333","2,2",,Green / Silver,10.503,7
Crucial Ballistix Tracer 4 GB,,"3,1333","2,2",,Black / Silver,10.503,7
Crucial Ballistix Tracer 3 GB,,"3,1333","3,1",,Green / Silver,10.503,7
Crucial Ballistix Tracer 3 GB,,"3,1333","3,1",,Black / Silver,10.503,7
Crucial Ballistix Tracer 3 GB,,"3,1333","3,1",,Red / Silver,10.503,7
Crucial Ballistix 6 GB,,"3,1333","3,2",,Orange / White,10.503,7
Crucial Ballistix Tracer 6 GB,,"3,1333","3,2",,Blue / Silver,10.503,7
Crucial Ballistix Tracer 6 GB,,"3,1333","3,2",,Black / Silver,10.503,7
Crucial Ballistix Tracer 6 GB,,"3,1333","3,2",,Red / Silver,10.503,7
Kingston HyperX 4 GB,,"3,1333","2,2",,Blue / Silver,10.503,7
Kingston HyperX 3 GB,,"3,1333","3,1",,Blue / Silver,10.503,7
Kingston HyperX 8 GB,,"3,1333","4,2",,Blue / Silver,10.503,7
Kingston HyperX 6 GB,,"3,1333","3,2",,Blue / Silver,10.503,7
Kingston HyperX 2 GB,,"3,1333","2,1",,Blue / Silver,13.503,9
Kingston HyperX 2 GB,,"3,1333","2,1",,Blue / Silver,10.503,7
Kingston HyperX 2 GB,,"3,1333","2,1",,Blue / Silver,10.503,7
Kingston Blu 2 GB,,"3,1333","2,1",,Blue / Silver,13.503,9
Kingston HyperX Blu 2 GB,,"3,1333","1,2",,Blue / Silver,13.503,9
Kingston HyperX 2 GB,,"3,1800","1,2",,Blue / Silver,10,9
Kingston HyperX T1 3 GB,,"3,2000","3,1",,Blue,9,9
Kingston HyperX 2 GB,,"3,1800","2,1",,Blue / Silver,10,9
Kingston HyperX T1 6 GB,,"3,2000","3,2",,Blue,9,9
Kingston HyperX T1 3 GB,,"3,1800","3,1",,Blue,10,9
Kingston HyperX T1 6 GB,,"3,1800","3,2",,Blue,10,9
Kingston HyperX T1 4 GB,,"3,2133","2,2",,Blue,8.439,9
Kingston HyperX T1 3 GB,,"3,1866","3,1",,Blue,9.646,9
Kingston HyperX T1 8 GB,,"3,2133","4,2",,Blue,8.439,9
Kingston HyperX T1 6 GB,,"3,2000","3,2",,Blue,9,9
Kingston HyperX T1 6 GB,,"3,1800","3,2",,Blue,10,9
Kingston HyperX 3 GB,,"3,1866","3,1",,Blue / Silver,9.646,9
Kingston HyperX T1 6 GB,,"3,1866","3,2",,Blue,9.646,9
Kingston HyperX 3 GB,,"3,1800","3,1",,Blue / Silver,10,9
Kingston HyperX 3 GB,,"3,2000","3,1",,Blue / Silver,9,9
Kingston HyperX 4 GB,,"3,1800","2,2",,Blue / Silver,10,9
G.Skill F3-10600CL9D-2GBNQ 2 GB,,"3,1333","2,1",,Red / Silver,13.503,9
G.Skill F3-10600CL9D-2GBPK 2 GB,,"3,1333","2,1",,Blue / Silver,13.503,9
G.Skill F3-10600CL8D-4GBHK 4 GB,,"3,1333","2,2",,Blue / Silver,12.003,8
G.Skill F3-10600CL9D-4GBPK 4 GB,,"3,1333","2,2",,Blue / Silver,13.503,9
G.Skill F3-10600CL9D-4GBNT 4 GB,,"3,1333","2,2",,Green,13.503,9
G.Skill F3-10666CL8D-2GBHK 2 GB,,"3,1333","2,1",,Blue / Silver,12.003,8
G.Skill F3-10600CL9S-2GBNT 2 GB,,"3,1333","1,2",,Green,13.503,9
G.Skill F3-10666CL9D-2GBNQ 2 GB,,"3,1333","2,1",,Red / Silver,13.503,9
G.Skill F3-10666CL7T-3GBPK 3 GB,,"3,1333","3,1",,Blue / Silver,10.503,7
G.Skill Ripjaws 12 GB,,"3,1333","3,4",,Black / Red,10.503,7
G.Skill Ripjaws 4 GB,,"3,1333","2,2",,Black / Red,10.503,7
G.Skill Ripjaws 4 GB,,"3,1333","2,2",,Black / Blue,12.003,8
G.Skill ECO 4 GB,,"3,1333","2,2",,White,13.503,9
G.Skill ECO 4 GB,,"3,1333","2,2",,White,10.503,7
G.Skill Ripjaws 8 GB,,"3,1333","2,4",,Black / Red,10.503,7
G.Skill F3-10666CL7T-6GBPK 6 GB,,"3,1333","3,2",,Blue / Silver,10.503,7
G.Skill Ripjaws X 4 GB,,"3,1333","2,2",,Black / Blue,10.503,7
G.Skill Ripjaws X 8 GB,,"3,1333","2,4",,Black / Blue,10.503,7
G.Skill Ripjaws X 16 GB,,"3,1333","4,4",,Black / Blue,10.503,7
G.Skill Ripjaws 16 GB,,"3,1333","4,4",,Black / Red,13.503,9
G.Skill Ripjaws 8 GB,,"3,1333","4,2",,Black / Red,13.503,9
G.Skill Flare 4 GB,,"3,2000","2,2",,Black / Red,9,9
G.Skill Flare 4 GB,,"3,1800","2,2",,Black / Red,10,9
G.Skill Ripjaws 4 GB,59.95,"3,1333","2,2",14.988,Black / Red,13.503,9
G.Skill NS 4 GB,,"3,1333","2,2",,Blue,13.503,9
G.Skill Ripjaws 8 GB,,"3,2000","2,4",,Black / Blue,9,9
G.Skill F3-10666CL9T2-12GBNQ 12 GB,,"3,1333","6,2",,Red / Silver,13.503,9
G.Skill Ripjaws+ Turbulence II 4 GB,,"3,2000","2,2",,Black / Red,9,9
G.Skill F3-10666CL9D-4GBNQ 4 GB,,"3,1333","2,2",,Red / Silver,13.503,9
G.Skill NS 2 GB,,"3,1333","1,2",,Green,13.503,9
G.Skill Ripjaws 4 GB,,"3,2000","2,2",,Black / Blue,9,9
G.Skill F3-10666CL9T-3GBNQ 3 GB,,"3,1333","3,1",,Red / Silver,13.503,9
G.Skill Ripjaws 12 GB,,"3,2000","3,4",,Black / Blue,9,9
G.Skill Ripjaws + Turbulence II 6 GB,,"3,2000","3,2",,Black / Red,9,9
G.Skill Trident+ Turbulence II 6 GB,,"3,2000","3,2",,Black / Red,9,9
G.Skill PIS 4 GB,,"3,2200","2,2",,Black / Blue,6.364,7
G.Skill Trident+ Turbulence II 4 GB,,"3,2000","2,2",,Black / Red,9,9
G.Skill Value 4 GB,,"3,1333","1,4",,Black,13.503,9
G.Skill Trident + Turbulence II 8 GB,,"3,2000","2,4",,Black / Red,9,9
G.Skill Trident+ Turbulence II 12 GB,,"3,2000","3,4",,Black / Red,9,9
G.Skill ECO 8 GB,,"3,1333","4,2",,Silver,13.503,9
G.Skill PI + Turbulence 4 GB,,"3,2133","2,2",,Black / Blue,6.564,7
G.Skill Flare 8 GB,,"3,2000","2,4",,Black / Red,9,9
G.Skill Ripjaws X 8 GB,,"3,1600","2,4",,Black / Blue,8.75,7
G.Skill Ripjaws X + Turbulence II 8 GB,,"3,2133","2,4",,Black / Red,8.439,9
G.Skill Ripjaws X + Turbulence II 4 GB,,"3,2200","2,2",,Black / Red,8.182,9
G.Skill Ripjaws X + Turbulence II 4 GB,,"3,2133","2,2",,Black / Blue,6.564,7
G.Skill Ripjaws X + Turbulence II 4 GB,,"3,2133","2,2",,Black / Blue,8.439,9
ADATA XPG Gaming 6 GB,,"3,2000","3,2",,Black / Silver,9,9
ADATA XPG Gaming Series v2.0 8 GB,,"3,2000","2,4",,Black / Green,9,9
ADATA XPG Gaming 4 GB,,"3,2000","2,2",,Black / Silver,9,9
Corsair XMS3 4 GB,,"3,2000","2,2",,Black / White,9,9
Corsair XMS3 6 GB,,"3,2000","3,2",,Black / White,9,9
Corsair XMS3 12 GB,,"3,2000","3,4",,Black / White,9,9
Corsair Vengeance 8 GB,,"3,1866","2,4",,Black / Silver,9.646,9
Corsair Vengeance 6 GB,,"3,1600","3,2",,Black / Silver,10,8
Crucial Ballistix 4 GB,,"3,2133","2,2",,Black / Orange,8.439,9
Crucial Ballistix 6 GB,,"3,2133","3,2",,Black / Orange,8.439,9
Crucial Ballistix 4 GB,,"3,1866","2,2",,Black / Orange,9.646,9
Crucial Ballistix 2 GB,,"3,2133","1,2",,Black / Orange,8.439,9
Crucial Ballistix 2 GB,,"3,1866","1,2",,Black / Orange,9.646,9
Crucial Ballistix 6 GB,,"3,1866","3,2",,Black / Orange,9.646,9
Crucial Ballistix Tracer 4 GB,,"3,1333","2,2",,Red / Silver,10.503,7
Crucial Ballistix Smart Tracer 6 GB,,"3,1600","3,2",,Black / Silver,10,8
Crucial Ballistix Smart Tracer 2 GB,,"3,1600","1,2",,Black / Silver,10,8
Crucial Ballistix Smart Tracer 6 GB,,"3,1600","3,2",,Black / Silver,10,8
Crucial Ballistix Smart Tracer 4 GB,,"3,1600","2,2",,Black / Silver,10,8
Crucial Ballistix Smart Tracer 4 GB,,"3,1600","2,2",,Black / Silver,10,8
Crucial Ballistix Smart Tracer 2 GB,,"3,1600","1,2",,Black / Silver,10,8
G.Skill PI + Turbulence II 4 GB,,"3,2400","2,2",,Black / Blue,6.667,8
GeIL Black Dragon 4 GB,,"3,1066","2,2",,Black / Gold,13.133,7
GeIL Black Dragon 4 GB,,"3,1333","2,2",,Black / Gold,13.503,9
GeIL Black Dragon 4 GB,,"3,1333","2,2",,Black / Gold,10.503,7
GeIL Black Dragon 12 GB,,"3,1333","6,2",,Black / Gold,13.503,9
GeIL Black Dragon 4 GB,,"3,1333","2,2",,Black / Gold,9.002,6
GeIL Value PLUS 4 GB,,"3,1333","2,2",,Black / Silver,13.503,9
GeIL Value PLUS 12 GB,,"3,1333","6,2",,Black / Silver,13.503,9
GeIL Value PLUS 6 GB,,"3,1066","3,2",,Black / Silver,13.133,7
GeIL Value PLUS 4 GB,,"3,1333","2,2",,Black / Silver,10.503,7
GeIL Value PLUS 8 GB,,"3,1333","2,4",,Black / Silver,13.503,9
GeIL Value PLUS 4 GB,,"3,1066","1,4",,Black / Silver,13.133,7
GeIL Value PLUS 4 GB,,"3,1333","1,4",,Black / Silver,13.503,9
GeIL Value PLUS 8 GB,,"3,1066","2,4",,Black / Silver,13.133,7
GeIL Value PLUS 6 GB,,"3,1333","3,2",,Black / Silver,13.503,9
OCZ Reaper 4 GB,,"3,2000","2,2",,Black / Silver,9,9
OCZ Reaper X 8 GB,,"3,1333","2,4",,Black / Silver,13.503,9
OCZ Reaper Edition 8 GB,,"3,1333","2,4",,Black / Silver,13.503,9
OCZ Reaper HPC 4 GB,,"3,2133","2,2",,Black / Silver,8.439,9
OCZ Reaper HPC 16 GB,,"3,1333","4,4",,Black / Silver,13.503,9
OCZ Reaper HPC 24 GB,,"3,1333","6,4",,Black / Silver,13.503,9
GeIL Evo Two 4 GB,,"3,1333","2,2",,Black / Red,9.002,6
Patriot Viper II Sector 5 4 GB,55.49,"3,1333","2,2",13.873,Black / Red,10.503,7
Patriot Viper II Sector 7 Edition 24 GB,,"3,1333","6,4",,Black / Blue,13.503,9
Patriot Viper II ‘Sector 7’ Edition 12 GB,,"3,2000","3,4",,Black / Blue,9,9
Patriot Viper II 'Sector 5' Edition 4 GB,,"3,2400","2,2",,Black / Red,7.5,9
Patriot Viper II 'Sector 5' Edition 4 GB,,"3,2133","2,2",,Black / Red,8.439,9
Patriot Viper II Sector 7 Edition 6 GB,,"3,2000","3,2",,Black / Blue,9,9
Patriot Viper II ‘Sector 5’ Edition 8 GB,,"3,2000","2,4",,Black / Red,9,9
"Patriot Viper Xtreme Series, Division 2 4 GB",57.69,"3,1866","2,2",14.422,Black / Silver,9.646,9
Patriot Gamer 2 8 GB,,"3,1600","2,4",,Black / Blue,11.25,9
"Patriot Viper Xtreme Series, Division 2 8 GB",72.41,"3,1600","2,4",9.051,Black / Silver,10,8
OCZ Gold 4 GB,,"3,1066","2,2",,Black / Gold,13.133,7
OCZ Gold 8 GB,,"3,1333","2,4",,Black / Gold,13.503,9
OCZ Gold 8 GB,,"3,1333","4,2",,Black / Gold,13.503,9
OCZ Platinum 4 GB,,"3,1333","2,2",,Silver,12.003,8
OCZ Platinum 4 GB,,"3,2000","2,2",,Silver,9,9
OCZ Gold 6 GB,,"3,2000","3,2",,Black / Gold,10,10
OCZ Platinum 4 GB,,"3,1333","2,2",,Silver,10.503,7
OCZ Gold 4 GB,,"3,1333","1,4",,Black / Gold,13.503,9
OCZ Gold 4 GB,,"3,2000","2,2",,Black / Gold,10,10
OCZ Platinum 4 GB,,"3,2133","2,2",,Silver,8.439,9
OCZ Platinum XTE 6 GB,,"3,1600","3,2",,Black / Silver,7.5,6
OCZ Platinum XTE 4 GB,,"3,1600","2,2",,Black / Silver,7.5,6
OCZ Platinum 24 GB,,"3,1333","6,4",,Silver,13.503,9
OCZ Gold 24 GB,,"3,1333","6,4",,Black / Gold,13.503,9
OCZ Platinum XTE 4 GB,,"3,2133","2,2",,Black / Silver,8.439,9
Kingston ValueRAM 2 GB,,"3,1066","2,1",,Green,13.133,7
Kingston ValueRAM 3 GB,,"3,1333","3,1",,Green,13.503,9
Mushkin Silverline 2 GB,,"3,1333","1,2",,White,13.503,9
Mushkin Silverline 6 GB,,"3,1333","3,2",,Silver,13.503,9
Mushkin Silverline 4 GB,,"3,1333","1,4",,Black / Gray,13.503,9
Mushkin Silverline 12 GB,,"3,1333","3,4",,Black / Gray,13.503,9
Mushkin Silverline 4 GB,,"3,1333","2,2",,Black / Gray,13.503,9
Mushkin Silverline 4 GB,,"3,1333","2,2",,White,13.503,9
Mushkin Blackline 4 GB,,"3,1333","2,2",,Black / Silver,12.003,8
Mushkin Blackline 6 GB,,"3,1333","3,2",,Black / Silver,12.003,8
Mushkin Blackline 4 GB,,"3,1333","2,2",,Black / Silver,10.503,7
Mushkin Blackline 6 GB,,"3,1333","3,2",,Black / Silver,10.503,7
Patriot Extreme Performance Gaming 6 GB,71.7,"3,1333","3,2",11.95,Black / Green,13.503,9
Patriot G Series Sector 5 Edition 8 GB,,"3,1333","4,2",,Black / Red,13.503,9
Patriot G Series Sector 5 Edition 4 GB,,"3,2000","2,2",,Black / Red,9,9
GeIL Evo Two 4 GB,,"3,2000","2,2",,Black / Red,9,9
GeIL Ultra PLUS 4 GB,,"3,2000","2,2",,Black / Silver,9,9
GeIL Ultra PLUS 4 GB,,"3,1333","2,2",,Black / Silver,9.002,6
GeIL Value 2 GB,,"3,1066","1,2",,Silver,13.133,7
GeIL Value 2 GB,,"3,1333","1,2",,Silver,13.503,9
GeIL GV34GB1066C7DC 4 GB,,"3,1066","2,2",,Silver,13.133,7
Kingston HyperX T1 4 GB,,"3,2250","2,2",,Blue,8,9
OCZ Flex EX 12 GB,,"3,2133","3,4",,Black / Silver,9.376,10
Kingston HyperX 3 GB,,"3,2333","3,1",,Blue,7.715,9
Kingston HyperX 3 GB,,"3,2333","3,1",,Blue,7.715,9
Kingston HyperX 6 GB,,"3,2250","3,2",,Blue,8,9
OCZ Gold XTE 4 GB,,"3,2000","2,2",,Black / Gold,10,10
Kingston KVR1066D3N7K3/6G 6 GB,,"3,1066","3,2",,Green,13.133,7
Kingston KVR1066D3N7K3/3G 3 GB,,"3,1066","3,1",,Green,13.133,7
Kingston KVR1066D3/2GR 2 GB,,"3,1066","1,2",,Green,13.133,7
Kingston KVR1066D3K2/4GR 4 GB,,"3,1066","2,2",,Green,13.133,7
Kingston KVR1066D3N7K3/12G 12 GB,,"3,1066","3,4",,Green,13.133,7
Kingston KVR1333D3/4GR 4 GB,,"3,1333","1,4",,Green,13.503,9
Patriot PSD34G1333K 4 GB,,"3,1333","2,2",,Green,13.503,9
OCZ Flex II 8 GB,,"3,1333","2,4",,Black / Silver,13.503,9
OCZ Signature 4 GB,,"3,1333","2,2",,Red / Silver,13.503,9
Mushkin 991586 2 GB,,"3,1333","1,2",,Green,13.503,9
Patriot Signature 1 GB,,"3,1333","1,1",,Green,13.503,9
Mushkin Redline 4 GB,,"3,1600","2,2",,Red / Silver,7.5,6
Crucial CT2KIT12864BA1067 2 GB,,"3,1066","2,1",,Green,13.133,7
Kingston ValueRAM 2 GB,,"3,1066","2,1",,Green,13.133,7
Kingston HyperX Blu 4 GB,,"3,1600","2,2",,Gray / Silver,11.25,9
Kingston HyperX Grey 4 GB,,"3,2133","2,2",,Gray / Silver,8.439,9
Patriot Signature 4 GB,,"3,1600","2,2",,Green,11.25,9
OCZ Gold XTE 6 GB,,"3,2000","3,2",,Black / Gold,10,10
OCZ Platinum XTE 4 GB,,"3,2000","2,2",,Black / Silver,8,8
OCZ Platinum XTE 4 GB,,"3,2000","2,2",,Black / Silver,9,9
G.Skill PIS 4 GB,,"3,2000","2,2",,Black / Blue,9,9
Mushkin Silverline 4 GB,,"3,1600","2,2",,Black / Silver,11.25,9
Mushkin Silverline 6 GB,,"3,1600","3,2",,Black / Silver,11.25,9
G.Skill Ripjaws X + Turbulence II 8 GB,,"3,2200","2,4",,Black / Red,8.182,9
G.Skill Ripjaws X 4 GB,,"3,1866","2,2",,Black / Blue,8.574,8
G.Skill Ripjaws X 4 GB,,"3,2133","2,2",,Black / Red,8.439,9
G.Skill Ripjaws X + Turbulence II 4 GB,,"3,2133","2,2",,Black / Blue,7.501,8
G.Skill Ripjaws X + Turbulence II 8 GB,,"3,1866","2,4",,Black / Red,9.646,9
G.Skill Ripjaws X + Turbulence II 16 GB,,"3,2133","4,4",,Black / Red,8.439,9
Mushkin Radioactive 4 GB,,"3,1600","2,2",,Black / Yellow,7.5,6
Mushkin Blackline 4 GB,,"3,1600","2,2",,Black / Silver,7.5,6
Corsair Dominator 24 GB,,"3,1600","6,4",,Black / Blue,11.25,9
Corsair Dominator 4 GB,,"3,1600","2,2",,Black / Blue,11.25,9
Kingston KHX1333C7AD3/4G 4 GB,,"3,1333","1,4",,Blue / Silver,10.503,7
Mushkin Redline 8 GB,,"3,1600","2,4",,Red,8.75,7
Patriot Viper Xtreme 8 GB,105,"3,1866","2,4",13.125,Black / Silver,9.646,9
G.Skill Ripjaws X + Turbulence II 4 GB,,"3,2200","2,2",,Black / Blue,8.182,9
G.Skill ECO 8 GB,,"3,1600","4,2",,Silver,11.25,9
Kingston HyperX T1 4 GB,,"3,1600","2,2",,Blue,11.25,9
Crucial Ballistix 3 GB,,"3,1600","3,1",,Black / White,10,8
Mushkin Redline 8 GB,,"3,1600","2,4",,Red / Silver,8.75,7
Mushkin Blackline 6 GB,,"3,1600","3,2",,Black / Silver,7.5,6
Mushkin Radioactive 6 GB,,"3,1600","3,2",,Yellow / Black,7.5,6
OCZ Gold 12 GB,,"3,1600","6,2",,Black / Gold,10,8
Corsair XMS 8 GB,,"3,1600","2,4",,Black / Blue,10,8
ADATA XPG Gaming 12 GB,,"3,1600","3,4",,Black / Silver,11.25,9
Crucial Ballistix 3 GB,,"3,1333","3,1",,Orange / White,10.503,7
Mushkin Blackline 8 GB,,"3,1600","2,4",,Black,11.25,9
Corsair Vengeance 4 GB,,"3,1600","2,2",,Black / Silver,11.25,9
Kingston HyperX T1 Black 6 GB,,"3,1600","3,2",,Black,11.25,9
Mushkin Redline 12 GB,,"3,1600","3,4",,Red,8.75,7
Mushkin Redline 12 GB,,"3,1600","3,4",,Red,8.75,7
Kingston HyperX T1 Black 12 GB,,"3,1600","3,4",,Black,11.25,9
Corsair XMS 8 GB,,"3,1333","4,2",,Black / Blue,13.503,9
Corsair Dominator GT 4 GB,,"3,2133","2,2",,Black / Red,8.439,9
Corsair Vengeance 4 GB,,"3,1600","2,2",,Black / Silver,11.25,9
Crucial Ballistix Sport 4 GB,,"3,1333","2,2",,Black / Silver,13.503,9
Crucial Ballistix Sport 6 GB,,"3,1333","3,2",,Black / Silver,13.503,9
Patriot Gamer 2 4 GB,,"3,1333","1,4",,Black / Blue,13.503,9
Patriot Gamer 2 4 GB,,"3,1600","1,4",,Black / Blue,11.25,9
Patriot Viper Xtreme 4 GB,,"3,1600","1,4",,Black / Silver,10,8
Crucial Ballistix Sport 4 GB,,"3,1600","2,2",,Black / Silver,12.5,10
Corsair Vengeance 4 GB,,"3,2000","2,2",,Black / Silver,9,9
Corsair Vengeance 6 GB,,"3,2000","3,2",,Black / Silver,10,10
Crucial Ballistix Sport 6 GB,,"3,1600","3,2",,Black / Silver,12.5,10
GeIL Value PLUS 4 GB,,"3,1600","2,2",,Black / Silver,10,8
G.Skill Sniper Low Voltage 8 GB,,"3,1600","2,4",,Black / Red,11.25,9
G.Skill Ripjaws X + Fan 16 GB,,"3,2200","4,4",,Black / Red,8.182,9
Corsair Vengeance 12 GB,,"3,2000","3,4",,Black / Silver,9,9
Crucial Ballistix Sport 4 GB,,"3,1600","1,4",,Black / Silver,12.5,10
Crucial Ballistix Sport 3 GB,,"3,1333","3,1",,Black / Silver,13.503,9
Crucial Ballistix Sport 4 GB,,"3,1333","1,4",,Black / Silver,13.503,9
Crucial Ballistix Sport 1 GB,,"3,1333","1,1",,Black / Silver,13.503,9
Crucial Ballistix Sport 2 GB,,"3,1600","2,1",,Black / Silver,12.5,10
Crucial Ballistix Sport 1 GB,,"3,1600","1,1",,Black / Silver,12.5,10
Mushkin Blackline 12 GB,,"3,1600","3,4",,Black,11.25,9
Mushkin Redline 8 GB,,"3,2133","2,4",,Red,8.439,9
Mushkin Redline 8 GB,,"3,1600","2,4",,Red,8.75,7
Mushkin Redline 12 GB,,"3,1600","3,4",,Red,8.75,7
Mushkin Ridgeback 8 GB,,"3,1600","2,4",,Black,10,8
Mushkin Ridgeback 12 GB,,"3,1600","3,4",,Black,10,8
Mushkin Redline 8 GB,,"3,2133","2,4",,Red,8.439,9
Crucial Ballistix Sport 8 GB,,"3,1600","2,4",,Black / Silver,12.5,10
Mushkin Blackline 8 GB,,"3,2000","2,4",,Black,9,9
Crucial Ballistix Sport 12 GB,,"3,1333","3,4",,Black / Silver,13.503,9
Mushkin Blackline 4 GB,,"3,1600","1,4",,Black,11.25,9
Mushkin Blackline 8 GB,,"3,2000","2,4",,Black,9,9
Mushkin Blackline 4 GB,,"3,1600","2,2",,Black / Silver,11.25,9
Mushkin Blackline 8 GB,,"3,1600","2,4",,Black,11.25,9
G.Skill Sniper Gaming 12 GB,,"3,1600","3,4",,Black / Red,11.25,9
Crucial Ballistix Sport 2 GB,,"3,1333","2,1",,Black / Silver,13.503,9
Crucial CT3KIT51264BA1339 12 GB,,"3,1333","3,4",,Green,13.503,9
Crucial Ballistix 6 GB,,"3,1600","3,2",,Black / Orange,10,8
Wintec One 4 GB,,"3,1600","2,2",,Black / Silver,11.25,9
ADATA Premier 8 GB,,"3,1333","2,4",,Blue / Silver,13.503,9
Wintec One 6 GB,,"3,1600","3,2",,Black / Silver,11.25,9
Mushkin Redline 12 GB,,"3,1600","3,4",,Red,8.75,7
Mushkin Blackline 12 GB,,"3,1600","3,4",,Black,10,8
Mushkin Blackline 8 GB,,"3,1600","2,4",,Black,10,8
Mushkin Blackline 8 GB,,"3,1866","2,4",,Black / Silver,9.646,9
ADATA Supreme 8 GB,,"3,1333","2,4",,Green,13.503,9
ADATA Supreme 4 GB,,"3,1333","1,4",,Green,13.503,9
ADATA AD3S1066B2G7-R 2 GB,,"3,1066","1,2",,Green,13.133,7
ADATA AD3S1333B2G9-R 2 GB,35.36,"3,1333","1,2",17.68,Green,13.503,9
Corsair CMSO4GX3M1A1333C9 4 GB,22.99,"3,1333","1,4",5.747,Green,13.503,9
Corsair CMSO2GX3M1A1333C9 2 GB,,"3,1333","1,2",,Green,13.503,9
Corsair CMSO4GX3M2A1333C9 4 GB,,"3,1333","2,2",,Green,13.503,9
Corsair CMSO8GX3M2A1333C9 8 GB,,"3,1333","2,4",,Green,13.503,9
Crucial CT25664BC1339 2 GB,,"3,1333","1,2",,Green,13.503,9
Crucial CT51264BC1339 4 GB,,"3,1333","1,4",,Green,13.503,9
Crucial CT2KIT51264BC1067 8 GB,,"3,1066","2,4",,Green,13.133,7
Crucial CT2KIT12864BC1067 2 GB,,"3,1066","2,1",,Green,13.133,7
Crucial CT2KIT25664BC1339 4 GB,,"3,1333","2,2",,Green,13.503,9
Crucial CT51264BC1067 4 GB,19.95,"3,1066","1,4",4.987,Green,13.133,7
Crucial CT2KIT51264BC1339 8 GB,,"3,1333","2,4",,Green,13.503,9
G.Skill F3-10666CL9D-8GBSQ 8 GB,25.84,"3,1333","2,4",3.23,Green,13.503,9
G.Skill F3-10600CL9D-8GBSQ 8 GB,99,"3,1333","2,4",12.375,Green,13.503,9
G.Skill F3-8500CL7D-4GBSQ 4 GB,,"3,1066","2,2",,Green,13.133,7
G.Skill F3-10666CL9S-4GBSQ 4 GB,15.12,"3,1333","1,4",3.78,Green,13.503,9
G.Skill F3-8500CL7S-4GBSQ 4 GB,,"3,1066","1,4",,Green,13.133,7
G.Skill F3-10600CL9S-2GBSQ 2 GB,,"3,1333","1,2",,Green,13.503,9
G.Skill F3-8500CL7S-2GBSQ 2 GB,,"3,1066","1,2",,Green,13.133,7
G.Skill F3-10666CL9S-2GBSQ 2 GB,,"3,1333","1,2",,Green,13.503,9
G.Skill F3-10666CL9D-4GBSQ 4 GB,,"3,1333","2,2",,Green,13.503,9
G.Skill F3-10600CL9S-4GBSQ 4 GB,,"3,1333","1,4",,Green,13.503,9
G.Skill F3-10600CL9D-4GBSQ 4 GB,,"3,1333","2,2",,Green,13.503,9
GeIL GS34GB1066C7SC 4 GB,15.22,"3,1066","1,4",3.805,Green,13.133,7
Kingston KHX1600C9S3K2/4GX 4 GB,,"3,1600","2,2",,Blue / Silver,11.25,9
Kingston ValueRAM 2 GB,,"3,1066","1,2",,Green,13.133,7
Kingston KVR1333D3S9/4G 4 GB,24.98,"3,1333","1,4",6.245,Green,13.503,9
Kingston KVR1066D3S7/4G 4 GB,,"3,1066","1,4",,Green,13.133,7
Kingston KVR1066D3SOK2/8GR 8 GB,,"3,1066","2,4",,Green,13.133,7
Kingston KVR1066D3S7/1G 1 GB,,"3,1066","1,1",,Green,13.133,7
Kingston KHX1600C9S3K2/8GX 8 GB,,"3,1600","2,4",,Blue / Silver,11.25,9
Kingston KHX1600C9S3P1K2/4G 4 GB,,"3,1600","2,2",,Gray / Silver,11.25,9
Kingston KHX1600C9S3P1K2/8G 8 GB,,"3,1600","2,4",,Gray / Silver,11.25,9
Kingston KHX1866C11S3P1K2/4G 4 GB,,"3,1866","2,2",,Gray / Silver,11.79,11
Kingston KHX1866C11S3P1K2/8G 8 GB,,"3,1866","2,4",,Gray / Silver,11.79,11
Kingston ValueRAM 2 GB,,"3,1066","1,2",,Green,13.133,7
Kingston ValueRAM 4 GB,,"3,1066","2,2",,Green,13.133,7
Kingston KVR1333D3SOK2/8GR 8 GB,,"3,1333","2,4",,Green,13.503,9
Kingston ValueRAM 2 GB,40.99,"3,1333","1,2",20.495,Green,13.503,9
Kingston KHX1333C7S3K2/4G 4 GB,,"3,1333","2,2",,Blue / Silver,10.503,7
Kingston KVR1333D3SO/2GR 2 GB,,"3,1333","1,2",,Green,13.503,9
Mushkin Essentials 4 GB,,"3,1066","1,4",,Green,13.133,7
Patriot Signature 2 GB,20,"3,1333","1,2",10,Green,13.503,9
Patriot PSD34G1066SK 4 GB,37.53,"3,1066","2,2",9.383,Green,13.133,7
Patriot Signature 8 GB,,"3,1600","2,4",,Green,13.75,11
Patriot Signature 4 GB,,"3,1600","2,2",,Green,13.75,11
Samsung MV-3T4G4/US 4 GB,,"3,1333","1,4",,Black,13.503,9
Mushkin Essentials 8 GB,,"3,1066","2,4",,Green,13.133,7
Patriot Signature 2 GB,,"3,1600","1,2",,Green,13.75,11
PNY Optima 8 GB,,"3,1066","2,4",,Green,13.133,7
PNY Optima 4 GB,,"3,1066","1,4",,Green,13.133,7
Wintec 3AMD31333N-8G2K-R 8 GB,,"3,1333","2,4",,Green,13.503,9
Patriot Signature 4 GB,38.24,"3,1600","1,4",,Green,13.75,11
Mushkin Essentials 4 GB,25.44,"3,1066","2,2",6.36,Green,13.133,7
Transcend JM1333KSN-4G 4 GB,,"3,1333","1,4",,Green,13.503,9
Mushkin Redline 8 GB,,"3,1600","2,4",,Red,8.75,7
G.Skill Sniper Gaming 12 GB,,"3,1600","3,4",,Black / Red,8.75,7
Crucial Ballistix Sport 12 GB,,"3,1600","3,4",,Black / Silver,12.5,10
Mushkin Blackline 12 GB,,"3,2000","3,4",,Black,9,9
Kingston KVR1333D3SOK2/4GR 4 GB,,"3,1333","2,2",,Green,13.503,9
Wintec One 12 GB,,"3,1600","3,4",,Black / Silver,11.25,9
G.Skill Ripjaws 24 GB,,"3,1600","6,4",,Black / Blue,8.75,7
Patriot Signature 4 GB,,"3,1066","1,4",,Green,13.133,7
Wintec AMPX 6 GB,,"3,1600","3,2",,Black / Silver,10,8
Wintec AMPO 4 GB,,"3,1333","2,2",,Green,13.503,9
Transcend aXeRAM 8 GB,,"3,2000","2,4",,Black / White,9,9
Mushkin Silverline 4 GB,,"3,1600","1,4",,Gray / Silver,11.25,9
Corsair Vengeance 8 GB,,"3,1866","2,4",,Black / Red,9.646,9
Mushkin Radioactive 8 GB,,"3,1600","2,4",,Black / Yellow,11.25,9
Mushkin Radioactive 12 GB,,"3,1600","3,4",,Black / Yellow,11.25,9
Mushkin Radioactive 8 GB,,"3,1600","2,4",,Black / Yellow,8.75,7
Mushkin Silverline 12 GB,,"3,1600","3,4",,Gray / Silver,11.25,9
Crucial Ballistix Tracer 2 GB,,"3,1333","2,1",,Green / Silver,10.503,7
Mushkin Radioactive 12 GB,,"3,1600","3,4",,Black / Yellow,8.75,7
Mushkin Redline 8 GB,,"3,1866","2,4",,Red,9.646,9
Mushkin Redline 8 GB,,"3,1866","2,4",,Red,9.646,9
Patriot Gamer 2 8 GB,,"3,1333","2,4",,Green,13.503,9
Patriot Gamer 2 8 GB,,"3,1333","2,4",,Green,10.503,7
Mushkin Essentials 4 GB,,"3,1333","2,2",,Green,13.503,9
Patriot Gamer 2 8 GB,,"3,1600","2,4",,Green,11.25,9
Patriot Gamer 2 4 GB,,"3,1600","2,2",,Green,10,8
Corsair Dominator GT 8 GB,,"3,1866","2,4",,Black / Red,9.646,9
Patriot Gamer 2 4 GB,,"3,1333","2,2",,Green,13.503,9
Patriot Gamer 2 4 GB,,"3,1333","2,2",,Green,10.503,7
Patriot Gamer 2 4 GB,,"3,1600","2,2",,Green,11.25,9
Samsung MV-3T2G4D/US 4 GB,,"3,1333","2,2",,Black,13.503,9
G.Skill F3-12800CL9S-4GBSQ 4 GB,14.8,"3,1600","1,4",3.7,Green,11.25,9
PNY MN4096SD3-1333 4 GB,,"3,1333","1,4",,Green,13.503,9
PNY MN8192KD3-1333 8 GB,,"3,1333","2,4",,Green,13.503,9
Wintec AMPO 4 GB,,"3,1333","1,4",,Green,13.503,9
Wintec One 8 GB,,"3,1600","2,4",,Black,11.25,9
Mushkin Ridgeback 12 GB,,"3,2000","3,4",,Black,9,9
Corsair Vengeance 4 GB,,"3,1600","2,2",,Black / Blue,11.25,9
Mushkin 991647 4 GB,15.1,"3,1333","1,4",3.775,Green,13.503,9
Mushkin Essentials 2 GB,17.05,"3,1333","1,2",8.525,Green,13.503,9
Patriot PSD38G1333SK 8 GB,,"3,1333","2,4",,Green,13.503,9
G.Skill Ripjaws X 4 GB,,"3,1866","2,2",,Black / Blue,9.646,9
Mushkin Silverline 2 GB,,"3,1333","1,2",,Gray / Silver,13.503,9
Samsung MV-3T2G4/US 2 GB,,"3,1333","1,2",,Black,13.503,9
Samsung MV-3T4G4D/US 8 GB,,"3,1333","2,4",,Black,13.503,9
ADATA Premier 4 GB,,"3,1333","1,4",,Green,13.503,9
Kingston KHX1866C11D3P1K2/4G 4 GB,,"3,1866","2,2",,Gray / Silver,11.79,11
Kingston KHX1866C9D3K3/12GX 12 GB,,"3,1866","3,4",,Blue / Silver,9.646,9
G.Skill Sniper Gaming + Turbulence 24 GB,,"3,1600","6,4",,Black / Red,8.75,7
Transcend JetRam 2 GB,,"3,1600","1,2",,Green,13.75,11
Transcend JetRam 4 GB,,"3,1600","1,4",,Green,13.75,11
Mushkin Blackline 6 GB,,"3,1600","3,2",,Black / Silver,8.75,7
Wintec AMPO 4 GB,,"3,1333","2,2",,Green,13.503,9
Mushkin Redline 6 GB,,"3,1600","3,2",,Red / Silver,8.75,7
Mushkin Blackline 4 GB,,"3,1600","2,2",,Black / Silver,10,8
Mushkin Blackline 6 GB,,"3,1600","3,2",,Black / Silver,10,8
Mushkin Blackline 8 GB,,"3,1600","2,4",,Black / Silver,10,8
Mushkin Blackline 12 GB,,"3,1600","3,4",,Black / Red,10,8
Mushkin Redline 4 GB,,"3,1600","2,2",,Red / Silver,8.75,7
Corsair XMS3 8 GB,,"3,1600","2,4",,Black / White,11.25,9
Wintec One 8 GB,74.98,"3,1333","2,4",,Black / Silver,13.503,9
Patriot Extreme Performance 16 GB,,"3,1600","4,4",,Black / Blue,11.25,9
ADATA XPG Gaming 8 GB,,"3,1600","2,4",,Black / Silver,11.25,9
Wintec Value 8 GB,,"3,1333","2,4",,Green,13.503,9
Wintec Value 4 GB,,"3,1333","1,4",,Green,13.503,9
Kingston Value 6 GB,,"3,1333","3,2",,Green,13.503,9
Crucial Ballistix Elite 4 GB,,"3,1600","2,2",,Black / Silver,10,8
Crucial Ballistix Elite 2 GB,,"3,2133","1,2",,Black / Silver,8.439,9
Samsung MV-3T2G3D/US 4 GB,,"3,1600","2,2",,Black,13.75,11
Samsung MV-3T4G3D/US 8 GB,,"3,1600","2,4",,Black,13.75,11
Samsung MV-3T2G3/US 2 GB,,"3,1600","1,2",,Black,13.75,11
Samsung MV-3T4G3/US 4 GB,,"3,1600","1,4",,Black,13.75,11
Crucial Ballistix Elite 6 GB,,"3,1600","3,2",,Black / Silver,10,8
Crucial Ballistix Elite 4 GB,,"3,2000","1,4",,Black / Silver,9,9
Crucial Ballistix 8 GB,,"3,1600","2,4",,Black / Red,12.5,10
Crucial Ballistix 4 GB,,"3,1600","1,4",,Black / Red,12.5,10
Crucial CT25664BD1339 2 GB,,"3,1333","1,2",,Green,13.503,9
Crucial CT25664BD160B 2 GB,,"3,1600","1,2",,Green,13.75,11
Samsung MV-3V4G3/US 4 GB,,"3,1600","1,4",,Black,13.75,11
Crucial CT2KIT25664BD1339 4 GB,,"3,1333","2,2",,Green,13.503,9
Crucial CT3KIT25664BD1339 6 GB,,"3,1333","3,2",,Green,13.503,9
Crucial CT3KIT25664BD160B 6 GB,,"3,1600","3,2",,Green,13.75,11
Crucial CT3KIT51264BD1339 12 GB,,"3,1333","3,4",,Green,13.503,9
Wintec One 4 GB,43.36,"3,1600","2,2",,Black / Silver,11.25,9
Kingston KVR1333D3S8N9/2GKC 2 GB,,"3,1333","1,2",,Green,13.503,9
G.Skill Ripjaws X 8 GB,39,"3,1600","2,4",4.875,Black / Blue,11.25,9
Patriot Gamer 2 8 GB,87.38,"3,1333","1,8",10.922,Black / Blue,13.503,9
"Patriot Gamer 2 Series, Division 2 Editi 16 GB",,"3,1333","4,4",,Black / Blue,13.503,9
Corsair Vengeance 8 GB,,"3,1600","2,4",,Black / Red,8.75,7
OCZ Gold 4 GB,,"3,1600","2,2",,Black / Gold,10,8
ADATA XPG Gaming Series v2.0 8 GB,,"3,1866","2,4",,Black / Green,9.646,9
Patriot Gamer 2 16 GB,,"3,1333","2,8",,Black / Blue,13.503,9
Patriot Signature 8 GB,,"3,1333","1,8",,Green,13.503,9
G.Skill F3-12800CL9S-4GBSK 4 GB,,"3,1600","1,4",,Black / White,11.25,9
G.Skill F3-12800CL9D-8GBSK 8 GB,,"3,1600","2,4",,Black / Silver,11.25,9
Wintec 3VH13339S9-8GK 8 GB,,"3,1333","2,4",,Green,13.503,9
Mushkin Essentials 4 GB,17.98,"3,1333","1,4",4.495,Green,13.503,9
Crucial CT2KIT51264BD1339 8 GB,,"3,1333","2,4",,Green,13.503,9
Corsair CMSO8GX3M1A1333C9 8 GB,,"3,1333","1,8",,Green,13.503,9
GeIL Enhance CORSA 4 GB,,"3,1333","2,2",,Black / Orange,13.503,9
GeIL Enhance CORSA 8 GB,,"3,1333","2,4",,Black / Orange,13.503,9
GeIL Value PLUS 2 GB,,"3,1333","1,2",,Black / Silver,13.503,9
GeIL Value PLUS 2 GB,,"3,1600","1,2",,Black / Silver,11.25,9
GeIL Value PLUS 4 GB,,"3,1333","2,2",,Black / Silver,13.503,9
GeIL EVO CORSA 16 GB,,"3,1866","4,4",,Black / Yellow,9.646,9
GeIL Enhance CORSA 16 GB,,"3,1333","4,4",,Black / Orange,13.503,9
GeIL Enhance CORSA 16 GB,,"3,1600","4,4",,Black / Orange,11.25,9
GeIL Enhance CORSA 4 GB,,"3,1600","2,2",,Black / Orange,11.25,9
GeIL Enhance CORSA 8 GB,,"3,1600","2,4",,Black / Orange,11.25,9
GeIL Evo Two 8 GB,,"3,1866","2,4",,Black / Red,9.646,9
GeIL Black Dragon 8 GB,,"3,1333","2,4",,Black / Gold,13.503,9
Mushkin Blackline 8 GB,,"3,2133","2,4",,Black,9.376,10
GeIL Black Dragon 8 GB,,"3,1600","2,4",,Black / Gold,11.25,9
GeIL Pristine 8 GB,,"3,1333","2,4",,Green,13.503,9
GeIL Pristine 2 GB,,"3,1333","1,2",,Green,13.503,9
GeIL Pristine 4 GB,,"3,1333","1,4",,Green,13.503,9
GeIL Pristine 4 GB,,"3,1333","2,2",,Green,13.503,9
GeIL GS38GB1333C9DC 8 GB,,"3,1333","2,4",,Green,13.503,9
GeIL GS34GB1333C9DC 4 GB,,"3,1333","2,2",,Green,13.503,9
GeIL GS34GB1066C7DC 4 GB,,"3,1066","2,2",,Green,13.133,7
GeIL GS38GB1066C7DC 8 GB,,"3,1066","2,4",,Green,13.133,7
G.Skill F3-12800CL11S-4GBSQ 4 GB,49,"3,1600","1,4",12.25,Green,13.75,11
Crucial Ballistix 4 GB,,"3,1600","2,2",,Black / Yellow,10,8
Wintec Value 2 GB,,"3,1333","1,2",,Green,13.503,9
Crucial Ballistix 8 GB,,"3,1866","2,4",,Black / Orange,9.646,9
Kingston KVR1333D3N9/4GKC 4 GB,,"3,1333","1,4",,Green,13.503,9
Patriot Signature 16 GB,94.76,"3,1333","2,8",,Green,13.503,9
Crucial CT102464BF1339 8 GB,,"3,1333","1,8",,Green,13.503,9
GeIL EVO CORSA 8 GB,,"3,1600","2,4",,Black / Yellow,8.75,7
Crucial Ballistix 4 GB,,"3,1866","1,4",,Black / Orange,9.646,9
G.Skill Ripjaws X 8 GB,,"3,1333","4,2",,Black / Red,13.503,9
Kingston KVR1333D3S8S9/2GKC 2 GB,,"3,1333","1,2",,Green,13.503,9
Kingston KVR1333D3S9/4GKC 4 GB,,"3,1333","1,4",,Green,13.503,9
G.Skill Ripjaws X 8 GB,,"3,1600","4,2",,Black / Blue,8.75,7
G.Skill Ripjaws Z 32 GB,,"3,1866","8,4",,Black / Red,9.646,9
G.Skill Ripjaws Z 32 GB,,"3,2133","8,4",,Black / Red,10.314,11
GeIL EVO CORSA 16 GB,,"3,2400","4,4",,Black / Yellow,9.167,11
GeIL EVO CORSA 8 GB,,"3,2133","2,4",,Black / Yellow,8.439,9
GeIL EVO CORSA 32 GB,,"3,1333","4,8",,Black / Yellow,13.503,9
Mushkin Redline 16 GB,,"3,2133","4,4",,Red,8.439,9
Mushkin Redline 16 GB,,"3,1866","4,4",,Red,9.646,9
Mushkin Blackline 8 GB,,"3,1600","4,2",,Black / Silver,11.25,9
G.Skill Ripjaws Z 16 GB,,"3,1866","4,4",,Black / Red,9.646,9
G.Skill Ripjaws Z 16 GB,,"3,2400","4,4",,Black / Blue,9.167,11
Corsair Vengeance 8 GB,,"3,1600","4,2",,Black / Silver,11.25,9
Crucial CT2KIT25664BF1339 4 GB,34.99,"3,1333","2,2",8.748,Green,13.503,9
Crucial CT51264BF1339 4 GB,17,"3,1333","1,4",4.25,Green,13.503,9
Crucial Ballistix Elite 8 GB,,"3,2000","2,4",,Black / Silver,9,9
Kingston Value 6 GB,,"3,1066","3,2",,Green,13.133,7
Corsair Dominator 32 GB,,"3,1600","4,8",,Black / Blue,11.25,9
Corsair Vengeance 8 GB,,"3,1866","2,4",,Black / Gold,10.718,10
Corsair Vengeance 8 GB,,"3,1600","2,4",,Black / Gold,11.25,9
Corsair Vengeance 16 GB,,"3,1600","4,4",,Black / Silver,11.25,9
ADATA XPG Plus 8 GB,,"3,1333","2,4",,Red / Silver,12.003,8
AMD Entertainment Edition 2 GB,,"3,1600","1,2",,Black / Red,11.25,9
Corsair Vengeance 8 GB,,"3,1600","4,2",,Black / Gold,11.25,9
G.Skill F3-12800CL11D-8GBSA 8 GB,,"3,1600","2,4",,Green,13.75,11
G.Skill Ripjaws Z 8 GB,,"3,1600","4,2",,Black / Blue,10,8
Corsair Vengeance 16 GB,,"3,1600","4,4",,Black / Gold,11.25,9
Corsair Vengeance 8 GB,,"3,2133","2,4",,Black / Red,8.439,9
G.Skill Ripjaws X 8 GB,,"3,1600","4,2",,Black / Red,11.25,9
G.Skill Ripjaws X 8 GB,,"3,1866","4,2",,Black / Red,9.646,9
Patriot G2 16 GB,,"3,1600","4,4",,Black / Blue,11.25,9
G.Skill Sniper Gaming 16 GB,,"3,2133","4,4",,Black / Red,10.314,11
GeIL GS38GB1333C9SC 8 GB,,"3,1333","1,8",,Green,13.503,9
GeIL GS316GB1333C9DC 16 GB,,"3,1333","2,8",,Green,13.503,9
AMD Entertainment Edition 2 GB,,"3,1333","1,2",,Black / Red,13.503,9
Mushkin Blackline 16 GB,,"3,1600","4,4",,Black / Red,10,8
Mushkin Redline 16 GB,,"3,2133","4,4",,Red,8.439,9
GeIL EVO CORSA 16 GB,,"3,2400","4,4",,Black / Yellow,8.333,10
GeIL EVO CORSA 8 GB,,"3,2133","2,4",,Black / Yellow,8.439,9
AMD Entertainment Edition 4 GB,,"3,1600","1,4",,Black / Red,11.25,9
Pareema MD313C81609L1 4 GB,,"3,1333","1,4",,Blue,13.503,9
Pareema MD313C81609L2 8 GB,,"3,1333","2,4",,Blue,13.503,9
Pareema MD313C81609S1 4 GB,,"3,1333","1,4",,Blue,13.503,9
Pareema MD313C80809L2 4 GB,,"3,1333","2,2",,Blue,13.503,9
Pareema MD313C80809L1 2 GB,,"3,1333","1,2",,Blue,13.503,9
Crucial Ballistix Elite 2 GB,,"3,1866","1,2",,Black / Silver,9.646,9
Crucial Ballistix Elite 4 GB,,"3,1600","1,4",,Black / Silver,10,8
Crucial Ballistix Elite 2 GB,,"3,1600","1,2",,Black / Silver,10,8
Mushkin Redline 8 GB,,"3,2133","4,2",,Red / Silver,8.439,9
Mushkin Essentials 8 GB,,"3,1333","1,8",,Green,13.503,9
Mushkin Silverline 8 GB,,"3,1333","1,8",,Gray / Silver,13.503,9
Mushkin Essentials 8 GB,,"3,1600","2,4",,Green,13.75,11
G.Skill F3-10666CL9S-8GBSQ 8 GB,21.1,"3,1333","1,8",2.638,Green,13.503,9
Pareema MD313D81609L1 8 GB,,"3,1333","1,8",,Green,13.503,9
Corsair Dominator 16 GB,,"3,1866","4,4",,Black / Blue,9.646,9
Pareema MD313C80809S1 2 GB,,"3,1333","1,2",,Blue,13.503,9
Pareema MD313C81609S2 8 GB,,"3,1333","2,4",,Black,13.503,9
Pareema MD316C81611L2 8 GB,,"3,1600","2,4",,Green,13.75,11
Pareema MD316C81611L1 4 GB,,"3,1600","1,4",,Green,13.75,11
Pareema MD313D81609L2 16 GB,,"3,1333","2,8",,Green,13.503,9
Pareema MD316C81609L1 4 GB,,"3,1600","1,4",,Green,11.25,9
Pareema MD316C81609L2 8 GB,,"3,1600","2,4",,Green,11.25,9
Crucial Ballistix 2 GB,,"3,1600","1,2",,Black / Yellow,10,8
Mushkin Silverline 16 GB,,"3,1333","4,4",,Gray / Silver,13.503,9
Mushkin Redline 16 GB,,"3,1600","4,4",,Red,8.75,7
Mushkin Blackline 16 GB,,"3,1600","4,4",,Black,11.25,9
Mushkin Redline 16 GB,,"3,1600","4,4",,Red,8.75,7
Mushkin Essentials 2 GB,16.48,"3,1600","1,2",8.24,Green,13.75,11
Mushkin Redline 16 GB,,"3,1600","4,4",,Red,8.75,7
Mushkin Blackline 16 GB,,"3,2133","4,4",,Black,9.376,10
Kingston Value 4 GB,,"3,1066","2,2",,Green,13.133,7
GeIL EVO CORSA 8 GB,,"3,2400","2,4",,Black / Yellow,8.333,10
GeIL EVO CORSA 16 GB,,"3,1600","2,8",,Black / Yellow,11.25,9
GeIL EVO CORSA 8 GB,,"3,2400","2,4",,Black / Yellow,9.167,11
GeIL EVO CORSA 16 GB,,"3,1600","2,8",,Black / Yellow,12.5,10
GeIL EVO CORSA 32 GB,,"3,1600","4,8",,Black / Yellow,12.5,10
G.Skill Sniper 8 GB,,"3,2133","2,4",,Black / Red,8.439,9
GeIL Evo Two 16 GB,,"3,1333","2,8",,Black / Red,13.503,9
GeIL Evo Two 8 GB,,"3,2400","2,4",,Black / Red,8.333,10
G.Skill Sniper 8 GB,,"3,2133","2,4",,Black / Red,10.314,11
GeIL Evo Two 16 GB,,"3,1600","2,8",,Black / Red,12.5,10
GeIL Evo Two 32 GB,,"3,1600","4,8",,Black / Red,12.5,10
GeIL Evo Two 16 GB,,"3,1600","2,8",,Black / Red,11.25,9
Corsair Vengeance 16 GB,,"3,1600","4,4",,Black / Yellow,11.25,9
Crucial Ballistix 4 GB,,"3,1333","1,4",,Black / Yellow,10.503,7
Mushkin Silverline 16 GB,,"3,1333","2,8",,Gray / Silver,13.503,9
Mushkin Essentials 8 GB,,"3,1333","1,8",,Green,13.503,9
G.Skill Sniper Gaming 16 GB,,"3,1600","4,4",,Black / Red,11.25,9
G.Skill F3-10600CL9D-16GBSQ 16 GB,,"3,1333","2,8",,Green,13.503,9
GeIL Black Dragon 16 GB,,"3,1600","2,8",,Black / Gold,12.5,10
GeIL Black Dragon 16 GB,,"3,1333","2,8",,Black / Gold,13.503,9
Crucial Ballistix 6 GB,,"3,1600","3,2",,Black / Yellow,10,8
Mushkin Redline 16 GB,,"3,1600","4,4",,Red / Silver,8.75,7
Kingston KHX1600C9D3K8/32GX 32 GB,,"3,1600","8,4",,Blue / Silver,11.25,9
G.Skill Ripjaws Z 64 GB,,"3,1333","8,8",,Black / Red,13.503,9
Corsair Vengeance 8 GB,,"3,1600","2,4",,Black / Red,11.25,9
Corsair Dominator 16 GB,,"3,1600","4,4",,Black / Blue,11.25,9
Kingston KHX1866C9D3K2/8GX 8 GB,,"3,1866","2,4",,Blue / Silver,9.646,9
Mushkin Silverline 32 GB,,"3,1333","4,8",,Gray / Silver,13.503,9
Mushkin Essentials 16 GB,,"3,1333","2,8",,Green,13.503,9
G.Skill F3-10600CL9S-8GBSQ 8 GB,,"3,1333","1,8",,Green,13.503,9
Mushkin Blackline 16 GB,,"3,1600","4,4",,Black,10,8
Mushkin Blackline 12 GB,,"3,1600","3,4",,Black,10,8
Mushkin Blackline 12 GB,,"3,1600","3,4",,Black,10,8
Mushkin Blackline 16 GB,,"3,1600","4,4",,Black,10,8
Mushkin Blackline 8 GB,,"3,1600","2,4",,Black,10,8
Mushkin Blackline 8 GB,,"3,1600","2,4",,Gray / Silver,10,8
Corsair Vengeance 8 GB,,"3,1600","2,4",,Black / Blue,10,8
Crucial Ballistix Smart Tracer 4 GB,,"3,1600","1,4",,Black / Silver,10,8
Mushkin Essentials 32 GB,,"3,1333","4,8",,Green,13.503,9
Crucial Ballistix Smart Tracer 2 GB,,"3,1600","1,2",,Black / Silver,10,8
Crucial Ballistix Elite 4 GB,,"3,1866","2,2",,Black / Silver,9.646,9
Crucial Ballistix Sport 8 GB,,"3,1333","2,4",,Black / Silver,13.503,9
Mushkin Essentials 16 GB,,"3,1066","2,8",,Green,13.133,7
Crucial Ballistix Smart Tracer 4 GB,,"3,1600","2,2",,Black / Silver,10,8
Crucial Ballistix Sport 4 GB,,"3,1333","1,4",,Black / Silver,13.503,9
Crucial Ballistix Smart Tracer 4 GB,,"3,1600","1,4",,Black / Silver,10,8
Crucial Ballistix Smart Tracer 6 GB,,"3,1600","3,2",,Black / Silver,10,8
Kingston T1 8 GB,,"3,1600","2,4",,Blue,11.25,9
Crucial Ballistix Smart Tracer 4 GB,,"3,1600","2,2",,Black / Silver,10,8
AMD Entertainment Edition 2 GB,,"3,1333","1,2",,Black,13.503,9
AMD Entertainment Edition 2 GB,,"3,1600","1,2",,Blue,11.25,9
AMD Performance Edition 4 GB,,"3,1333","2,2",,Black / Red,12.003,8
AMD Performance Edition 4 GB,,"3,1600","2,2",,Black / Red,10,8
AMD Performance Edition 8 GB,,"3,1600","2,4",,Black / Red,10,8
Crucial Ballistix Sport 6 GB,,"3,1333","3,2",,Black / Silver,13.503,9
Crucial Ballistix 2 GB,,"3,1333","1,2",,Black / Yellow,10.503,7
Crucial Ballistix Sport 12 GB,,"3,1600","3,4",,Black / Silver,11.25,9
Crucial Ballistix Sport 4 GB,,"3,1333","2,2",,Black / Silver,13.503,9
Wintec Value 4 GB,,"3,1333","2,2",,Green,13.503,9
Crucial Ballistix Smart Tracer 8 GB,,"3,1600","2,4",,Black / Silver,10,8
G.Skill Ripjaws 4 GB,,"3,2000","2,2",,,9,9
Kingston LoVo 4 GB,,"3,1600","2,2",,Green / Silver,11.25,9
Kingston Blu 8 GB,,"3,1333","2,4",,Red / Silver,13.503,9
Kingston Blu 4 GB,,"3,1333","1,4",,Red / Silver,13.503,9
Kingston Blu 4 GB,,"3,1600","1,4",,Red / Silver,11.25,9
Kingston Blu 8 GB,,"3,1600","2,4",,Red / Silver,11.25,9
Kingston KHX2133C11D3K4/8GX 8 GB,,"3,2133","4,2",,Blue / Silver,10.314,11
Crucial Ballistix Sport 12 GB,,"3,1333","3,4",,Orange / White,13.503,9
AMD Entertainment Edition 4 GB,,"3,1600","1,4",,Blue,11.25,9
Corsair Vengeance 16 GB,,"3,2133","4,4",,Black / Red,8.439,9
AMD Entertainment Edition 4 GB,,"3,1333","1,4",,Blue,13.503,9
Kingston KVR1333D3S9/8G 8 GB,,"3,1333","1,8",,Green,13.503,9
Crucial Ballistix 6 GB,,"3,1333","3,2",,,10.503,7
Kingston T1 Black 8 GB,,"3,1866","2,4",,Black,9.646,9
Crucial Ballistix Elite 8 GB,,"3,1600","2,4",,Black / Silver,10,8
Crucial Ballistix Smart Tracer 12 GB,,"3,1600","3,4",,,10,8
Crucial Ballistix Elite 4 GB,,"3,1600","2,2",,Black / Silver,10,8
Corsair Vengeance 8 GB,,"3,1600","2,4",,Black / Gold,11.25,9
GeIL Black Dragon 32 GB,,"3,1333","4,8",,Black / Gold,13.503,9
Corsair Vengeance 32 GB,,"3,1600","8,4",,Black / Silver,11.25,9
Kingston T1 6 GB,,"3,1866","3,2",,Blue,9.646,9
GeIL Evo Two 32 GB,,"3,1333","4,8",,Black / Red,13.503,9
Crucial Ballistix Smart Tracer 2 GB,,"3,1600","1,2",,,10,8
Crucial Ballistix Elite 4 GB,,"3,1866","1,4",,Black / Silver,9.646,9
Crucial Ballistix Smart Tracer 6 GB,,"3,1600","3,2",,,10,8
Corsair Vengeance LP 4 GB,,"3,1600","1,4",,Black / Yellow,11.25,9
Patriot Viper Xtreme Division 4 16 GB,,"3,1866","4,4",,Black / Silver,9.646,9
Patriot G2 Series Division 2 Edition 16 GB,,"3,1600","2,8",,Black / Blue,11.25,9
Patriot Viper Xtreme Division 4 16 GB,,"3,1600","4,4",,Black / Silver,10,8
Patriot G2 Series Division 4 32 GB,,"3,1333","4,8",,Black / Blue,13.503,9
Corsair Vengeance 8 GB,,"3,1600","1,8",,Black / Gold,11.25,9
Corsair Vengeance 16 GB,,"3,1600","2,8",,Black / Gold,11.25,9
G.Skill Ripjaws Z 16 GB,,"3,1866","4,4",,Black / Blue,8.574,8
"Patriot Gamer 2 Series, Division 2 Editi 32 GB",,"3,1333","4,8",,,13.503,9
"Patriot Gamer 2 Series, Division 4 Editi 8 GB",,"3,1333","4,2",,Black / Blue,13.503,9
Kingston KHX1866C9D3K2/8G 8 GB,,"3,1866","2,4",,Blue / Silver,9.646,9
GeIL EVO CORSA 8 GB,,"3,1333","1,8",,Black / Yellow,13.503,9
GeIL EVO CORSA 64 GB,,"3,1600","8,8",,,12.5,10
G.Skill Ripjaws Z 16 GB,,"3,1600","4,4",,Black / Blue,10,8
G.Skill Ares 8 GB,,"3,1333","2,4",,Black / Orange,13.503,9
G.Skill Ares 16 GB,,"3,1866","4,4",,Black / Blue,9.646,9
G.Skill Ares 8 GB,,"3,2133","2,4",,Black / Orange,10.314,11
G.Skill Ares 16 GB,,"3,1600","4,4",,Black / Blue,11.25,9
G.Skill Ares 8 GB,,"3,1600","2,4",,Black / Blue,10,8
G.Skill Ares 16 GB,,"3,1600","4,4",,Black / Blue,10,8
G.Skill Ares 16 GB,,"3,1333","4,4",,Black / Orange,13.503,9
G.Skill Ares 16 GB,,"3,2133","4,4",,Black / Orange,10.314,11
G.Skill Ares 16 GB,,"3,2133","4,4",,Black / Blue,8.439,9
Crucial Ballistix 12 GB,,"3,1333","3,4",,Orange / White,10.503,7
G.Skill Ripjaws Z 32 GB,,"3,2133","4,8",,Black / Blue,8.439,9
Crucial Ballistix 16 GB,,"3,1600","2,8",,Black / Yellow,10,8
Crucial Ballistix 4 GB,,"3,1600","1,4",,Black / Yellow,10,8
G.Skill F3-1333C9S-8GSA 8 GB,,"3,1333","1,8",,Green,13.503,9
Crucial Ballistix 4 GB,,"3,1866","2,2",,Black / Orange,9.646,9
Crucial Ballistix Tactical Tracer 4 GB,,"3,1866","1,4",,Black / Silver,9.646,9
"Patriot Gamer 2, Division 4 Edition 32 GB",,"3,1600","4,8",,Black / Blue,11.25,9
GeIL EVO CORSA 32 GB,,"3,1866","8,4",,Black / Yellow,9.646,9
Corsair Dominator GT 32 GB,,"3,1866","4,8",,Black / Red,9.646,9
G.Skill Ripjaws Z 32 GB,,"3,2133","4,8",,Black / Red,10.314,11
G.Skill Ripjaws X + Turbulence II 8 GB,,"3,2400","2,4",,Black / Red,9.167,11
Crucial Ballistix Sport 6 GB,,"3,1600","3,2",,Orange / White,11.25,9
Kingston HyperX 8 GB,,"3,1866","4,2",,Blue / Silver,9.646,9
Crucial Ballistix Elite 16 GB,,"3,1866","2,8",,Black / Silver,9.646,9
Crucial Ballistix Tactical Tracer 4 GB,,"3,1866","1,4",,Black / Silver,9.646,9
PNY MD8192KD3-1866-X9 8 GB,,"3,1866","2,4",,,9.646,9
G.Skill Trident + Turbulence II 8 GB,,"3,2400","2,4",,,8.333,10
G.Skill Ripjaws X 16 GB,,"3,2133","4,4",,Black / Blue,8.439,9
G.Skill Ripjaws Z 32 GB,,"3,2400","4,8",,Black / Blue,8.333,10
PNY MD16384K4D3-1866-X9 16 GB,,"3,1866","4,4",,Black / Silver,9.646,9
PNY MD8192KD3-2133-X10 8 GB,,"3,2133","2,4",,Black / Silver,9.376,10
G.Skill Ripjaws X 8 GB,,"3,1866","4,2",,,8.574,8
G.Skill Ripjaws Z 64 GB,,"3,2133","8,8",,Black / Red,10.314,11
PNY MD16384K4D3-1600-X9 16 GB,,"3,1600","4,4",,,11.25,9
PNY MD16384K4D3-2133-X10 16 GB,,"3,2133","4,4",,Black / Red,9.376,10
G.Skill Ripjaws X 32 GB,,"3,2133","4,8",,Black / Blue,8.439,9
Mushkin Blackline 32 GB,,"3,1600","4,8",,Black,12.5,10
Mushkin Blackline 16 GB,,"3,1600","2,8",,Black / Silver,12.5,10
Mushkin Redline 8 GB,,"3,1600","2,4",,,8.75,7
Mushkin Redline 12 GB,,"3,1600","3,4",,,8.75,7
Mushkin Blackline 16 GB,,"3,1600","2,8",,Black,11.25,9
Mushkin Blackline 32 GB,,"3,1600","4,8",,Black,11.25,9
Mushkin Redline 16 GB,,"3,1600","4,4",,,8.75,7
Mushkin Redline 16 GB,,"3,1866","4,4",,,9.646,9
Mushkin Redline 12 GB,,"3,1866","3,4",,,9.646,9
Crucial Ballistix Tactical Tracer 8 GB,,"3,1866","2,4",,Black / Silver,9.646,9
GeIL EVO CORSA 32 GB,,"3,2133","8,4",,,9.376,10
GeIL EVO CORSA 32 GB,,"3,1600","8,4",,,11.25,9
GeIL Value PLUS 8 GB,,"3,1333","1,8",,Black / Silver,13.503,9
GeIL Value PLUS 16 GB,,"3,1333","2,8",,Black / Silver,13.503,9
GeIL Value PLUS 16 GB,,"3,1600","2,8",,Black / Silver,12.5,10
GeIL Value PLUS 8 GB,,"3,1600","1,8",,Black / Silver,12.5,10
GeIL EVO CORSA 16 GB,,"3,2400","2,8",,,9.167,11
Wintec Value 8 GB,,"3,1333","1,8",,,13.503,9
Crucial Ballistix 2 GB,,"3,1866","1,2",,Black / Yellow,9.646,9
"Patriot Viper Xtreme Series, Division Vi 8 GB",87.38,"3,2133","2,4",10.922,Black / Silver,10.314,11
Mushkin Redline 8 GB,,"3,1866","2,4",,,9.646,9
Mushkin Redline 16 GB,,"3,1866","4,4",,,9.646,9
Mushkin Redline 12 GB,,"3,1866","3,4",,,9.646,9
Mushkin Redline 8 GB,,"3,1600","2,4",,,8.75,7
Mushkin Redline 16 GB,,"3,1600","4,4",,,8.75,7
Mushkin Redline 12 GB,,"3,1600","3,4",,,8.75,7
Mushkin Redline 8 GB,,"3,1866","2,4",,,9.646,9
GeIL EVO CORSA 32 GB,,"3,1600","4,8",,Black / Yellow,11.25,9
ADATA Premier 16 GB,,"3,1600","2,8",,Black / Red,13.75,11
Wintec Value 16 GB,,"3,1333","2,8",,Green,13.503,9
G.Skill F3-1600C10S-8GSQ 8 GB,,"3,1600","1,8",,Green,12.5,10
G.Skill F3-1600C10D-16GSQ 16 GB,37.93,"3,1600","2,8",2.371,Green,12.5,10
G.Skill F3-1600C11S-8GSQ 8 GB,,"3,1600","1,8",,Green,13.75,11
G.Skill F3-1600C11D-16GSQ 16 GB,,"3,1600","2,8",,Green,13.75,11
Crucial Ballistix 8 GB,,"3,1600","1,8",,Black / Orange,10,8
Corsair Vengeance 16 GB,,"3,1866","2,8",,Black / Silver,9.646,9
G.Skill Trident X 8 GB,,"3,2600","2,4",,Black / Red,7.692,10
GeIL EVO CORSA 32 GB,,"3,2400","4,8",,,9.167,11
Crucial Ballistix 12 GB,,"3,1600","3,4",,Black / Yellow,10,8
Crucial Ballistix Elite 8 GB,,"3,1866","1,8",,Black / Silver,9.646,9
Wintec Value 16 GB,,"3,1600","2,8",,Green,13.75,11
G.Skill Trident X 16 GB,,"3,2666","4,4",,Black / Red,8.252,11
G.Skill Trident X 16 GB,,"3,2600","4,4",,Black / Red,7.692,10
GeIL EVO CORSA 16 GB,,"3,1866","2,8",,Black / Yellow,9.646,9
G.Skill Ripjaws Z 16 GB,,"3,2400","4,4",,Black / Blue,8.333,10
Crucial Ballistix 8 GB,,"3,1600","4,2",,,11.25,9
ADATA Premier 16 GB,,"3,1600","2,8",,Blue,13.75,11
Crucial Ballistix Elite 6 GB,,"3,1600","3,2",,Black / Silver,10,8
GeIL GS38GB1600C10SC 8 GB,,"3,1600","1,8",,Green,12.5,10
GeIL GS316GB1600C10DC 16 GB,,"3,1600","2,8",,Green,12.5,10
Kingston KHX2400C11D3K4/8GX 8 GB,,"3,2400","4,2",,Blue / Silver,9.167,11
AMD Entertainment Edition 2 GB,,"3,1333","1,2",,Black,13.503,9
AMD Entertainment Edition 4 GB,,"3,1333","1,4",,Black,13.503,9
AMD Entertainment Edition 2 GB,,"3,1600","1,2",,Black,13.75,11
AMD Entertainment Edition 4 GB,,"3,1600","1,4",,Black,13.75,11
GeIL EVO CORSA 8 GB,,"3,2133","2,4",,Black / Yellow,10.314,11
GeIL EVO CORSA 16 GB,,"3,2133","2,8",,,10.314,11
Corsair XMS 16 GB,,"3,1600","2,8",,,12.5,10
ADATA XPG Gaming 16 GB,,"3,2133","2,8",,Gray / Silver,9.376,10
ADATA XPG Gaming 8 GB,,"3,2133","2,4",,,9.376,10
GeIL EVO CORSA 32 GB,,"3,2400","4,8",,,8.333,10
Kingston KHX16C9/8 8 GB,,"3,1600","1,8",,Blue / Silver,11.25,9
Corsair Vengeance 16 GB,181.36,"3,2133","4,4",11.335,Black / Red,8.439,9
Corsair Vengeance 16 GB,,"3,2133","4,4",,Black / Blue,8.439,9
Corsair XMS 16 GB,,"3,1600","2,8",,Black / Blue,11.25,9
Kingston KHX18C9T1K4/16X 16 GB,,"3,1866","4,4",,Blue,9.646,9
Kingston KHX21C11T1K2/16X 16 GB,,"3,2133","2,8",,Black,10.314,11
Kingston KHX24C11T1K2/8X 8 GB,,"3,2400","2,4",,Blue,9.167,11
"Patriot Viper Xtreme Series, Division 2 8 GB",,"3,2400","2,4",,Black / Silver,9.167,11
Kingston KHX21C11T1BK2/16X 16 GB,,"3,2133","2,8",,,10.314,11
Kingston KHX21C11T1BK2/8X 8 GB,,"3,2133","2,4",,Black,10.314,11
Mushkin Essentials 8 GB,,"3,1600","1,8",,Green,13.75,11
Mushkin Essentials 16 GB,50.68,"3,1600","2,8",3.167,Green,13.75,11
GeIL EVO CORSA 16 GB,,"3,2133","4,4",,Black / Yellow,10.314,11
Kingston KHX2133C11D3W1K2/8GX 8 GB,,"3,2133","2,4",,Black / Silver,10.314,11
Mushkin Redline 32 GB,,"3,1866","4,8",,Red,10.718,10
Mushkin Redline 32 GB,,"3,1866","4,8",,Red,10.718,10
Mushkin Redline 16 GB,,"3,1866","2,8",,,10.718,10
Mushkin Redline 16 GB,,"3,1866","2,8",,,10.718,10
Kingston KHX24C11K4/16X 16 GB,,"3,2400","4,4",,Blue / Silver,9.167,11
Kingston KHX21C11T1K2/8X 8 GB,,"3,2133","2,4",,Blue,10.314,11
Kingston KVR16S11/2 2 GB,,"3,1600","1,2",,,13.75,11
GeIL EVO VELOCE 8 GB,,"3,1600","2,4",,Red / Silver,11.25,9
GeIL EVO VELOCE 16 GB,,"3,1333","2,8",,Red / Silver,13.503,9
GeIL EVO VELOCE 16 GB,,"3,1600","2,8",,Red / Silver,11.25,9
GeIL EVO VELOCE 16 GB,,"3,1600","2,8",,Red / Silver,12.5,10
GeIL EVO VELOCE 16 GB,,"3,1600","4,4",,,11.25,9
"Patriot Viper Xtreme Series, Division 2 16 GB",,"3,1866","2,8",,Black / Silver,9.646,9
Kingston KHX16C9P1K2/16 16 GB,,"3,1600","2,8",,Black / Silver,11.25,9
Kingston KHX16S9P1K2/16 16 GB,,"3,1600","2,8",,Gray / Silver,11.25,9
G.Skill Trident X 16 GB,,"3,2600","2,8",,,8.462,11
Corsair Dominator Platinum 8 GB,,"3,2133","2,4",,,8.439,9
Corsair Vengeance 16 GB,147.44,"3,1866","4,4",9.215,Black / Blue,9.646,9
GeIL EVO Leggara 16 GB,,"3,1600","2,8",,Black / Green,12.5,10
GeIL EVO Leggara 16 GB,,"3,2133","2,8",,Black / Green,10.314,11
Corsair Dominator Platinum 8 GB,,"3,1600","2,4",,Black / Silver,11.25,9
GeIL EVO Leggara 8 GB,,"3,1866","2,4",,Black / Green,9.646,9
GeIL EVO Leggara 16 GB,,"3,1866","2,8",,Black / Green,10.718,10
GeIL EVO Leggara 8 GB,,"3,2133","2,4",,Black / Green,10.314,11
Crucial CT2K2G3S1339M 4 GB,,"3,1333","2,2",,Green,13.503,9
Crucial CT2K4G3S1339M 8 GB,45.1,"3,1333","2,4",5.638,Green,13.503,9
GeIL EVO Leggara 16 GB,,"3,1600","4,4",,,11.25,9
Corsair Vengeance LP 16 GB,,"3,2133","4,4",,Black / Blue,8.439,9
GeIL EVO Leggara 8 GB,,"3,2400","2,4",,,9.167,11
GeIL EVO Leggara 32 GB,,"3,2400","4,8",,,8.333,10
Kingston KVR13N9S8H/4 4 GB,32.77,"3,1333","1,4",8.193,,13.503,9
GeIL EVO Leggara 8 GB,,"3,1600","2,4",,Black / Green,11.25,9
GeIL EVO Leggara 16 GB,,"3,1600","2,8",,Black / Green,11.25,9
Patriot Viper 3 8 GB,,"3,2133","2,4",,Black / Silver,10.314,11
Patriot Viper 3 32 GB,,"3,1600","4,8",,Black / Silver,12.5,10
Patriot Viper 3 8 GB,,"3,1866","2,4",,Black / Silver,9.646,9
Patriot Viper 3 16 GB,,"3,2133","2,8",,Black / Silver,10.314,11
Patriot Viper 3 32 GB,,"3,2133","4,8",,Black / Silver,10.314,11
GeIL EVO VELOCE 32 GB,,"3,1866","4,8",,Red / Silver,10.718,10
Kingston KHX16C10B1K2/16X 16 GB,,"3,1600","2,8",,Blue / Silver,12.5,10
G.Skill Sniper Gaming 16 GB,,"3,1600","2,8",,Black / Red,11.25,9
GeIL EVO Leggara 16 GB,,"3,2400","4,4",,,9.167,11
Kingston KVR1333D3S8N9HK2/4G 4 GB,,"3,1333","2,2",,Green,13.503,9
Mushkin Blackline 16 GB,,"3,1866","2,8",,Black,11.79,11
Mushkin Blackline 32 GB,,"3,1600","4,8",,Black,11.25,9
"Patriot Intel Extreme Master, Limited Ed 16 GB",,"3,1866","2,8",,Black / Blue,10.718,10
"Patriot Intel Extreme Master, Limited Ed 8 GB",,"3,1600","2,4",,Black / Blue,11.25,9
"Patriot Intel Extreme Master, Limited Ed 8 GB",,"3,1866","2,4",,Black / Blue,9.646,9
"Patriot Intel Extreme Master, Limited Ed 16 GB",,"3,1600","2,8",,Black / Blue,11.25,9
Mushkin Blackline 16 GB,,"3,1866","2,8",,Black,11.79,11
GeIL EVO Leggara 16 GB,,"3,1333","2,8",,Red / Silver,13.503,9
Kingston KVR1333D3N9HK3/12G 12 GB,,"3,1333","3,4",,Green,13.503,9
Patriot Viper 3 16 GB,,"3,1600","4,4",,Black / Silver,11.25,9
"Patriot Intel Extreme Master, Limited Ed 16 GB",,"3,1600","4,4",,Black / Blue,11.25,9
"Patriot Intel Extreme Master, Limited Ed 16 GB",,"3,1866","4,4",,Black / Blue,9.646,9
"Patriot Intel Extreme Master, Limited Ed 32 GB",,"3,1866","4,8",,Black / Blue,10.718,10
G.Skill Trident 8 GB,,"3,2400","2,4",,Black / Red,8.333,10
G.Skill Ripjaws Z 32 GB,,"3,2133","4,8",,Black / Red,10.314,11
G.Skill Trident 16 GB,,"3,2400","4,4",,Black / Red,8.333,10
GeIL EVO VELOCE 32 GB,,"3,1333","4,8",,Red / Silver,13.503,9
GeIL EVO VELOCE 32 GB,,"3,1600","4,8",,Red / Silver,12.5,10
Corsair Dominator Platinum 16 GB,,"3,1866","2,8",,Black / Silver,9.646,9
Corsair Dominator Platinum 8 GB,,"3,2133","2,4",,Black / Silver,8.439,9
Corsair Dominator Platinum 16 GB,,"3,2133","4,4",,Black / Silver,8.439,9
Kingston Blu Red 4 GB,,"3,1333","2,2",,Red / Silver,13.503,9
Kingston XMP Blu Red 4 GB,,"3,1600","2,2",,Red / Silver,11.25,9
Kingston Predator 8 GB,,"3,1600","2,4",,,11.25,9
Kingston Predator 8 GB,,"3,1866","2,4",,,9.646,9
Kingston Predator 8 GB,,"3,2400","2,4",,,9.167,11
Corsair Dominator Platinum 32 GB,,"3,1866","4,8",,Black / Silver,9.646,9
Corsair Vengeance 16 GB,,"3,2400","4,4",,Black / Red,7.5,9
"Patriot Intel Extreme Master, Limited Ed 32 GB",,"3,1600","4,8",,Black / Blue,11.25,9
Corsair Dominator Platinum 32 GB,,"3,1600","4,8",,Black / Silver,11.25,9
Kingston Blu Red 4 GB,,"3,1333","1,4",,Red / Silver,13.503,9
Kingston Blu Red 8 GB,,"3,1600","1,8",,Red / Silver,12.5,10
Kingston Blu Red 16 GB,,"3,1600","2,8",,,12.5,10
Kingston Blu Red 8 GB,,"3,1600","2,4",,,11.25,9
Kingston Blu Red 8 GB,,"3,1333","2,4",,Red / Silver,13.503,9
Kingston KHX16C9K2/16X 16 GB,,"3,1600","2,8",,Blue / Silver,11.25,9
Mushkin Redline 16 GB,,"3,2400","4,4",,,8.333,10
Mushkin Redline 8 GB,,"3,2400","2,4",,,8.333,10
GeIL EVO Leggara 32 GB,,"3,1333","4,8",,Black / Green,13.503,9
Mushkin Essentials 8 GB,,"3,1333","2,4",,Green,13.503,9
Mushkin Essentials 16 GB,,"3,1333","2,8",,Green,13.503,9
AMD Entertainment Edition 8 GB,,"3,1333","1,8",,Black / Red,13.503,9
Mushkin Silverline 16 GB,,"3,1600","2,8",,Gray / Silver,13.75,11
Mushkin Silverline 32 GB,,"3,1600","4,8",,Gray / Silver,13.75,11
Crucial CT25664BC1067T 2 GB,,"3,1066","1,2",,Green,13.133,7
Crucial CT2K4G3S1067M 8 GB,39.99,"3,1066","2,4",4.999,Green,13.133,7
Crucial CT2K4G3S160BM 8 GB,30.95,"3,1600","2,4",3.869,Green,13.75,11
Lexar CT2KIT51264BF160B 8 GB,,"3,1600","2,4",,Green,13.75,11
Lexar CT2KIT51264BC160B 8 GB,,"3,1600","2,4",,,13.75,11
Crucial CT2KIT51264BC160B 8 GB,,"3,1600","2,4",,Green,13.75,11
AMD Entertainment Edition 16 GB,,"3,1600","2,8",,Black / Red,13.75,11
AMD Entertainment Edition 16 GB,,"3,1333","2,8",,Black / Red,13.503,9
Kingston Blu Red 2 GB,,"3,1333","1,2",,Red / Silver,13.503,9
Kingston Blu Red 2 GB,,"3,1600","1,2",,Red / Silver,11.25,9
GeIL EVO Leggara 16 GB,,"3,1866","2,8",,Black / Green,9.646,9
Patriot Viper 3 16 GB,,"3,1866","4,4",,Black / Silver,9.646,9
Kingston XMP Blu Red 16 GB,,"3,1600","2,8",,Red / Silver,12.5,10
Kingston Predator 16 GB,,"3,2133","2,8",,Black / Blue,10.314,11
Patriot Viper 3 32 GB,,"3,1600","4,8",,Black / Red,12.5,10
Patriot Viper 3 16 GB,,"3,1600","4,4",,Black / Red,11.25,9
Patriot Viper 3 32 GB,,"3,1866","4,8",,Black / Red,10.718,10
Patriot Viper 3 32 GB,,"3,1600","4,8",,Black / Red,11.25,9
Patriot Viper 3 16 GB,,"3,1600","2,8",,Black / Red,11.25,9
Patriot Viper 3 16 GB,,"3,1600","2,8",,Black / Red,12.5,10
Patriot Viper 3 8 GB,,"3,1600","2,4",,Black / Red,11.25,9
Corsair Vengeance 8 GB,,"3,2400","2,4",,Black / Silver,8.333,10
Corsair Vengeance 16 GB,,"3,2400","4,4",,Black / Silver,8.333,10
Corsair CMV4GX3M1A1600C11 4 GB,21.99,"3,1600","1,4",5.497,Green,13.75,11
Patriot Viper 3 16 GB,,"3,2133","4,4",,Black / Red,10.314,11
Patriot Viper 3 16 GB,,"3,2133","2,8",,Black / Red,10.314,11
Patriot Viper 3 8 GB,,"3,2133","2,4",,Black / Red,10.314,11
Kingston KVR1333D3S8N9HK3/6G 6 GB,59.99,"3,1333","3,2",,Green,13.503,9
GeIL EVO VELOCE 32 GB,,"3,1600","4,8",,Red / Silver,11.25,9
Pareema MD316D81611S2 16 GB,,"3,1600","2,8",,Green,13.75,11
Pareema MD313D81609S1 8 GB,,"3,1333","1,8",,Green,13.503,9
Pareema MD313D81609S2 16 GB,,"3,1333","2,8",,Green,13.503,9
Pareema MD316C81611S1 4 GB,,"3,1600","1,4",,,13.75,11
Pareema MD316D81611S1 8 GB,,"3,1600","1,8",,Green,13.75,11
Corsair ValueSelect 8 GB,,"3,1600","1,8",,Green,11.25,9
Mushkin Blackline 8 GB,,"3,1600","2,4",,Green,11.25,9
Corsair Vengeance Performance 16 GB,,"3,1866","2,8",,Black / Gold,10.718,10
Corsair Dominator Platinum 64 GB,,"3,2133","8,8",,Black / Silver,8.439,9
Wintec Value 8 GB,,"3,1600","1,8",,,13.75,11
Corsair CMSO8GX3M2A1600C11 8 GB,,"3,1600","2,4",,Green,11.25,9
Corsair CMSO4GX3M1A1600C11 4 GB,22.99,"3,1600","1,4",5.747,Green,11.25,9
Patriot Signature 4 GB,,"3,1600","1,4",,Black,13.75,11
Kingston KVR16N11H/2 2 GB,,"3,1600","1,2",,Green,13.75,11
Corsair CMSO4GX3M1B1333C9 4 GB,,"3,1333","1,4",,Black,13.503,9
Patriot Signature 4 GB,,"3,1333","1,4",,Black,13.503,9
Patriot Signature 16 GB,,"3,1600","2,8",,Green,13.75,11
Patriot Signature 8 GB,38.09,"3,1333","1,8",4.761,Black,13.503,9
Patriot Viper 3 32 GB,,"3,2133","4,8",,Black / Red,10.314,11
Patriot Viper 3 16 GB,,"3,1866","4,4",,Black / Red,9.646,9
Corsair Dominator Platinum 16 GB,,"3,2600","4,4",,,7.692,10
GeIL EVO VELOCE 16 GB,,"3,1866","2,8",,Red / Silver,9.646,9
Corsair Dominator Platinum 32 GB,,"3,2133","4,8",,Black / Silver,8.439,9
Corsair Vengeance LP 16 GB,,"3,1600","2,8",,Black / Blue,11.25,9
Corsair Vengeance LP 8 GB,,"3,1600","1,8",,Black / Blue,12.5,10
Corsair Vengeance 8 GB,,"3,1600","1,8",,Black / Blue,12.5,10
Corsair Dominator 16 GB,,"3,1866","2,8",,Black / Blue,9.646,9
Crucial Ballistix Tactical 4 GB,,"3,1600","1,4",,Black / Yellow,10,8
Corsair Vengeance LP 8 GB,,"3,1600","1,8",,Black / Yellow,11.25,9
Corsair Vengeance 64 GB,,"3,1866","8,8",,Black / Yellow,9.646,9
Corsair Vengeance 16 GB,,"3,1600","2,8",,,11.25,9
Corsair CMV8GX3M1A1600C11 8 GB,37.99,"3,1600","1,8",4.749,Green,13.75,11
Kingston Predator 16 GB,,"3,1866","2,8",,Black / Blue,9.646,9
Kingston Predator 32 GB,,"3,1600","4,8",,Black / Blue,11.25,9
Kingston Predator 8 GB,,"3,2133","2,4",,Black / Blue,10.314,11
G.Skill Ripjaws Z 16 GB,,"3,1866","2,8",,Black / Blue,9.646,9
G.Skill Ripjaws Z 32 GB,,"3,1866","4,8",,Black / Blue,9.646,9
Kingston Predator 16 GB,,"3,1866","4,4",,Black / Blue,9.646,9
Kingston KHX16LC10K2/16X 16 GB,,"3,1600","2,8",,Green / Silver,12.5,10
Kingston Predator 8 GB,,"3,1600","2,4",,Black / Blue,11.25,9
G.Skill Trident X 8 GB,,"3,2666","2,4",,,7.502,10
Kingston Blu Red 4 GB,,"3,1600","2,2",,Red / Silver,11.25,9
G.Skill Trident X 16 GB,,"3,2666","4,4",,,7.502,10
Corsair XMS 8 GB,,"3,1600","1,8",,Black / White,13.75,11
Kingston Blu 8 GB,,"3,1333","1,8",,Blue / Silver,13.503,9
Crucial Ballistix Sport 8 GB,,"3,1600","1,8",,Black / Silver,11.25,9
Kingston Predator 8 GB,,"3,2666","2,4",,Black / Blue,8.252,11
Mushkin Blackline 8 GB,,"3,2400","2,4",,Black,9.167,11
Mushkin Blackline 16 GB,,"3,2400","4,4",,Black,9.167,11
Mushkin Blackline 8 GB,,"3,2400","2,4",,Black,9.167,11
Corsair Dominator Platinum 16 GB,,"3,2800","4,4",,,7.857,11
G.Skill Trident X 16 GB,,"3,2400","4,4",,Black / Red,7.5,9
Corsair Vengeance Performance 32 GB,,"3,1866","4,8",,Black / Silver,9.646,9
Corsair Dominator Platinum 8 GB,,"3,2400","2,4",,,7.5,9
Crucial Ballistix Sport 4 GB,,"3,1600","1,4",,Black / Silver,11.25,9
Crucial Ballistix Sport 16 GB,,"3,1600","4,4",,Black / Silver,11.25,9
Kingston HyperX Beast 16 GB,,"3,1866","4,4",,Black,9.646,9
G.Skill Trident X 8 GB,,"3,2400","2,4",,Black / Red,7.5,9
Corsair Dominator Platinum 16 GB,,"3,2400","4,4",,Black / Silver,7.5,9
Corsair Dominator Platinum 16 GB,,"3,2666","4,4",,Black / Silver,7.502,10
Kingston HyperX Beast 32 GB,,"3,2400","4,8",,Black,9.167,11
Kingston HyperX Beast 16 GB,,"3,2400","4,4",,Black,9.167,11
Kingston HyperX Beast 32 GB,,"3,2133","4,8",,Black,10.314,11
Crucial Ballistix Elite 8 GB,,"3,2133","2,4",,,8.439,9
Crucial Ballistix Sport 8 GB,,"3,1600","2,4",,Black / Silver,11.25,9
Kingston HyperX Beast 16 GB,,"3,1866","2,8",,Black,10.718,10
Kingston HyperX 16 GB,,"3,1866","2,8",,Gray / Silver,11.79,11
ADATA XPG Gaming Series v2.0 8 GB,,"3,2400","2,4",,,8.333,10
G.Skill Trident X 16 GB,,"3,2800","4,4",,Black / Red,7.857,11
ADATA XPG Gaming Series v2.0 16 GB,,"3,2400","2,8",,Black / Green,9.167,11
Kingston Black 2 GB,,"3,1333","1,2",,Blue / Silver,13.503,9
GeIL EVO Leggara 32 GB,,"3,1600","4,8",,Black / Green,12.5,10
Kingston Black 4 GB,,"3,1333","1,4",,Black / Silver,13.503,9
Kingston Black 4 GB,,"3,1333","2,2",,Blue / Silver,13.503,9
Kingston Black 2 GB,,"3,1600","1,2",,Blue / Silver,11.25,9
Kingston XMP Black 4 GB,,"3,1600","2,2",,Black / Silver,11.25,9
Kingston Black 4 GB,,"3,1600","2,2",,Blue / Silver,11.25,9
Kingston XMP 10th Anniversary 8 GB,,"3,1866","2,4",,Gray / Silver,9.646,9
Kingston HyperX 10th Anniversary 4 GB,,"3,1866","1,4",,Gray / Silver,9.646,9
Mushkin Redline 16 GB,,"3,1600","2,8",,Red,10,8
Mushkin Redline 32 GB,,"3,1600","4,8",,Red,10,8
Mushkin Redline 32 GB,,"3,1600","4,8",,Red,10,8
Mushkin Redline 16 GB,,"3,1866","2,8",,Red,9.646,9
Mushkin Redline 16 GB,,"3,1866","2,8",,Red,9.646,9
Mushkin Redline 16 GB,,"3,1600","2,8",,Red,10,8
Kingston XMP 10th Anniversary 16 GB,,"3,2400","4,4",,Gray / Silver,9.167,11
Kingston XMP 10th Anniversary 16 GB,,"3,2133","4,4",,Gray / Silver,10.314,11
Kingston XMP 10th Anniversary 16 GB,,"3,1866","4,4",,Gray / Silver,9.646,9
GeIL EVO VELOCE 16 GB,,"3,2133","2,8",,Red / Silver,10.314,11
GeIL EVO VELOCE 32 GB,,"3,1866","4,8",,Red / Silver,9.646,9
G.Skill Trident X 8 GB,,"3,2800","2,4",,Black / Red,7.857,11
AMD Entertainment Edition 8 GB,,"3,1600","2,4",,,13.75,11
Kingston LV XMP 10th Anniversary 16 GB,,"3,1600","2,8",,Gray / Silver,12.5,10
Kingston XMP 10th Anniversary 16 GB,,"3,1600","4,4",,Gray / Silver,11.25,9
Kingston XMP 10th Anniversary 8 GB,,"3,1600","2,4",,Gray / Silver,11.25,9
Kingston XMP 10th Anniversary 16 GB,,"3,1600","2,8",,Gray / Silver,11.25,9
Kingston HyperX 10th Anniversary 8 GB,,"3,1600","1,8",,Gray / Silver,11.25,9
GeIL EVO VELOCE 16 GB,,"3,1866","2,8",,Red / Silver,10.718,10
Mushkin Redline 32 GB,,"3,1866","4,8",,Red,9.646,9
Corsair Dominator Platinum 16 GB,,"3,2800","4,4",,Black / Silver,8.571,12
GeIL EVO VELOCE 32 GB,,"3,2133","4,8",,Red / Silver,10.314,11
Kingston XMP 10th Anniversary 16 GB,,"3,1600","4,4",,Gray / Silver,11.25,9
GeIL GS34GB1333C9SC 4 GB,,"3,1333","1,4",,Green,13.503,9
Crucial CT2KIT51264BC160BDUP 8 GB,,"3,1600","2,4",,,13.75,11
AMD Entertainment Edition 16 GB,,"3,1600","2,8",,,13.75,11
Kingston KHX16LS9P1K2/16 16 GB,,"3,1600","2,8",,Gray / Silver,11.25,9
Kingston HyperX 8 GB,,"3,1600","2,4",,Green / Silver,11.25,9
Kingston 1500 4 GB,,"3,1600","1,4",,Gray / Silver,11.25,9
Kingston HyperX Beast 64 GB,,"3,2133","8,8",,Black,10.314,11
Kingston HyperX 8 GB,,"3,2133","2,4",,Gray / Silver,11.252,12
Mushkin Blackline 32 GB,,"3,1600","4,8",,Black,11.25,9
Mushkin Blackline 16 GB,,"3,1600","2,8",,Black,11.25,9
Mushkin Redline 32 GB,,"3,1866","4,8",,Red,9.646,9
G.Skill Ripjaws X 16 GB,,"3,2133","4,4",,Black / Blue,9.376,10
G.Skill Sniper 16 GB,,"3,2133","4,4",,Black / Red,9.376,10
G.Skill Ares 16 GB,,"3,2133","4,4",,Black / Blue,9.376,10
G.Skill Sniper 8 GB,,"3,2133","2,4",,Black / Red,9.376,10
G.Skill Ares 8 GB,,"3,2133","2,4",,,9.376,10
G.Skill Ares 32 GB,,"3,2133","4,8",,Black / Blue,9.376,10
GeIL EVO VELOCE 4 GB,,"3,1333","1,4",,Red / Silver,13.503,9
GeIL EVO VELOCE 16 GB,,"3,2400","2,8",,Red / Silver,9.167,11
G.Skill Ripjaws X 16 GB,,"3,2400","4,4",,Black / Blue,9.167,11
G.Skill Ares 16 GB,,"3,2400","4,4",,Black / Blue,9.167,11
Mushkin Stealth 16 GB,,"3,1600","4,4",,Black / Gold,11.25,9
Mushkin Stealth 16 GB,,"3,1600","4,4",,Black / Gold,11.25,9
Kingston HyperX Beast 64 GB,,"3,1866","8,8",,Black,10.718,10
Kingston HyperX Beast 16 GB,,"3,1866","2,8",,Black,10.718,10
GeIL EVO VELOCE 8 GB,,"3,1333","2,4",,Red / Silver,13.503,9
Mushkin Blackline 16 GB,,"3,1600","2,8",,Green,11.25,9
Mushkin Stealth 8 GB,,"3,1600","2,4",,Black / Gold,10,8
Mushkin Stealth 8 GB,,"3,1600","2,4",,Black / Gold,11.25,9
Mushkin Stealth 8 GB,,"3,1600","2,4",,Black / Gold,11.25,9
Mushkin Stealth 32 GB,,"3,1600","4,8",,Black / Gold,11.25,9
Mushkin Stealth 16 GB,,"3,1600","4,4",,Black / Gold,10,8
PNY MN8192SD3-1600-X9 8 GB,,"3,1600","1,8",,Green,11.25,9
Mushkin Stealth 12 GB,,"3,1600","3,4",,Black / Gold,10,8
Patriot Viper 3 4 GB,,"3,1600","1,4",,Black / Blue,11.25,9
Mushkin Stealth 16 GB,,"3,1600","2,8",,Black / Gold,11.25,9
Mushkin Stealth 12 GB,,"3,1600","3,4",,Black / Gold,11.25,9
Mushkin Stealth 12 GB,,"3,1600","3,4",,Black / Gold,11.25,9
Avexir MPower 16 GB,,"3,2133","4,4",,Black / Yellow,8.439,9
Avexir Core 8 GB,,"3,2133","2,4",,Black / Silver,8.439,9
Avexir Core 8 GB,,"3,1866","2,4",,Black / Silver,9.646,9
Corsair Vengeance Pro 16 GB,,"3,1866","2,8",,Black / Blue,9.646,9
Corsair Vengeance Pro 32 GB,,"3,1600","4,8",,Black / Silver,11.25,9
Corsair Vengeance Pro 32 GB,,"3,1866","4,8",,Black / Silver,9.646,9
Corsair Vengeance Pro 8 GB,,"3,1600","2,4",,Black / Silver,11.25,9
Corsair Vengeance Pro 8 GB,,"3,1600","2,4",,Black / Blue,11.25,9
Corsair Vengeance Pro 8 GB,,"3,1866","2,4",,Black / Blue,9.646,9
Corsair Vengeance Pro 8 GB,,"3,1866","2,4",,Black / Red,9.646,9
Corsair Vengeance Pro 8 GB,,"3,2133","2,4",,Black / Red,10.314,11
Corsair Vengeance Pro 8 GB,,"3,2133","2,4",,Black / Red,8.439,9
G.Skill Trident X 32 GB,,"3,2666","4,8",,Black / Red,8.252,11
Kingston M1G64KL110 8 GB,,"3,1600","1,8",,Green,13.75,11
Kingston M51264KL110S 4 GB,,"3,1600","1,4",,Green,13.75,11
Mushkin Redline 32 GB,,"3,2133","4,8",,,8.439,9
Mushkin Redline 32 GB,,"3,2133","4,8",,,8.439,9
Mushkin Redline 16 GB,,"3,2133","2,8",,,8.439,9
Mushkin Redline 16 GB,,"3,2133","2,8",,,8.439,9
PNY MN16384KD3-1600-X9 16 GB,,"3,1600","2,8",,,11.25,9
Patriot Signature Line 2 GB,,"3,1333","1,2",,Green,13.503,9
ADATA XPG™ Gaming v2.0 8 GB,,"3,2400","2,4",,,9.167,11
Corsair Vengeance Pro 8 GB,,"3,2133","2,4",,Black / Silver,8.439,9
G.Skill Trident X 8 GB,,"3,2800","2,4",,,8.571,12
Crucial Ballistix Sport XT 8 GB,,"3,1600","2,4",,,11.25,9
Crucial Ballistix Sport XT 4 GB,,"3,1600","1,4",,Black / Silver,11.25,9
Crucial Ballistix Sport XT 16 GB,,"3,1600","4,4",,,11.25,9
Crucial Ballistix Sport XT 32 GB,,"3,1600","4,8",,Blue / Silver,11.25,9
Crucial Ballistix Sport XT 32 GB,,"3,1866","4,8",,,10.718,10
Avexir Core 16 GB,,"3,1600","4,4",,Black / Yellow,11.25,9
GeIL EVO VELOCE 8 GB,,"3,2133","2,4",,Red / Silver,9.376,10
Mushkin Redline 32 GB,,"3,2400","4,8",,,8.333,10
Mushkin Redline 16 GB,,"3,2400","2,8",,,8.333,10
Avexir SODIMM 8 GB,,"3,1333","1,8",,Black / Green,13.503,9
Avexir Apple Memory 16 GB,,"3,1333","2,8",,Black / Green,13.503,9
Avexir Budget 8 GB,,"3,1333","1,8",,Black,13.503,9
Avexir Core 8 GB,,"3,1600","2,4",,Black / White,11.25,9
Avexir MPower 8 GB,,"3,1600","2,4",,Black / Yellow,11.25,9
Avexir Standard 8 GB,,"3,1600","2,4",,Black / Silver,11.25,9
Avexir Core 16 GB,,"3,1600","4,4",,Black / Red,11.25,9
Avexir MPower 16 GB,,"3,1600","4,4",,Black / Yellow,11.25,9
G.Skill Trident X 16 GB,,"3,2666","2,8",,Black / Red,9.002,12
Avexir Core 16 GB,,"3,1600","4,4",,Black / White,11.25,9
Crucial Ballistix Sport XT 4 GB,,"3,1866","1,4",,Blue / Silver,10.718,10
Crucial Ballistix Sport XT 16 GB,,"3,1866","4,4",,,10.718,10
Mushkin Blackline 32 GB,,"3,2133","4,8",,Black,9.376,10
Mushkin Blackline 32 GB,,"3,2133","4,8",,Black,9.376,10
Mushkin Blackline 16 GB,,"3,2400","2,8",,Black,9.167,11
Mushkin Blackline 16 GB,,"3,2400","2,8",,Black,9.167,11
Mushkin Blackline 16 GB,,"3,2133","2,8",,,9.376,10
Mushkin Blackline 16 GB,,"3,2133","2,8",,Black,10.314,11
Mushkin Blackline 32 GB,,"3,2133","4,8",,,10.314,11
Mushkin Blackline 32 GB,,"3,2133","4,8",,Black,10.314,11
Mushkin Blackline 16 GB,,"3,2133","2,8",,Black,10.314,11
GeIL EVO Leggara 16 GB,,"3,1866","4,4",,Black / Green,9.646,9
Mushkin Redline 32 GB,,"3,2400","4,8",,,8.333,10
Mushkin Blackline 32 GB,,"3,2400","4,8",,Black,9.167,11
Mushkin Blackline 32 GB,,"3,2400","4,8",,,9.167,11
Corsair CMSO8GX3M1B1333C9 8 GB,,"3,1333","1,8",,,13.503,9
ADATA XPG V2 8 GB,,"3,1600","2,4",,Black / Yellow,11.25,9
ADATA XPG V2 8 GB,,"3,2400","2,4",,Black / Yellow,9.167,11
ADATA XPG V2 8 GB,,"3,2400","2,4",,Black / Silver,9.167,11
ADATA XPG V2 8 GB,,"3,2600","2,4",,Black / Silver,8.462,11
ADATA XPG V2 16 GB,,"3,2600","2,8",,Black / Yellow,8.462,11
ADATA XPG V2 8 GB,,"3,2800","2,4",,Black / Silver,7.857,11
GeIL GEV38GB1866C10DC 8 GB,,"3,1866","2,4",,Red / Silver,10.718,10
Kingston KTL-TP3CL/4G 4 GB,30,"3,1600","1,4",7.5,,13.75,11
AMD Performance Edition 16 GB,,"3,1866","2,8",,Black / Red,9.646,9
Kingston KTL-TP3CL/8G 8 GB,34.95,"3,1600","1,8",4.369,,13.75,11
Kingston KTT-S3CL/4G 4 GB,,"3,1600","1,4",,,13.75,11
Kingston KTT-S3CL/8G 8 GB,,"3,1600","1,8",,,13.75,11
AMD Entertainment Edition 16 GB,,"3,1600","2,8",,Black / Red,11.25,9
AMD AE34G1609U1 4 GB,,"3,1600","1,4",,,11.25,9
AMD AE38G1609U1K 8 GB,,"3,1600","2,4",,,11.25,9
AMD AP38G1869U1K 8 GB,,"3,1866","2,4",,Black / Red,9.646,9
Avexir Server 8 GB,,"3,1333","1,8",,Black / Green,13.503,9
Avexir Apple Memory 8 GB,,"3,1333","1,8",,Green,13.503,9
Avexir Platinum 8 GB,,"3,1333","2,4",,Black,13.503,9
Avexir Green 8 GB,,"3,1333","1,8",,Black / Green,13.503,9
Avexir Platinum 16 GB,,"3,1333","2,8",,Black,13.503,9
Avexir Green 8 GB,,"3,1600","2,4",,Green,11.25,9
Avexir Core 16 GB,,"3,1600","4,4",,Black / Orange,11.25,9
Avexir Standard 16 GB,,"3,1600","4,4",,Black / Silver,11.25,9
Avexir Core 16 GB,,"3,1600","2,8",,Black / Blue,12.5,10
Avexir Core 32 GB,,"3,1600","4,8",,Black / Blue,12.5,10
ADATA XPG V2 16 GB,,"3,1600","2,8",,Black / Silver,11.25,9
ADATA XPG V2 16 GB,,"3,2400","2,8",,Black / Yellow,9.167,11
ADATA XPG V2 16 GB,,"3,2400","2,8",,Black / Silver,9.167,11
ADATA XPG V2 8 GB,,"3,2600","2,4",,Black / Yellow,8.462,11
ADATA XPG V2 16 GB,,"3,2600","2,8",,Black / Silver,8.462,11
ADATA XPG V2 8 GB,,"3,2800","2,4",,Black / Yellow,7.857,11
GeIL EVO VELOCE 16 GB,,"3,2133","2,8",,Red / Silver,9.376,10
Kingston KTD-L3CL/4G 4 GB,33.75,"3,1600","1,4",8.438,Green,13.75,11
G.Skill Trident X 8 GB,,"3,2800","2,4",,,8.571,12
G.Skill Trident X 8 GB,,"3,3000","2,4",,,8,12
Mushkin Stealth 16 GB,,"3,2800","4,4",,,8.571,12
Mushkin Stealth 16 GB,,"3,2800","4,4",,,8.571,12
Mushkin Stealth 8 GB,,"3,2800","2,4",,,8.571,12
Mushkin Stealth 8 GB,,"3,2800","2,4",,,8.571,12
G.Skill Trident X 16 GB,,"3,2800","4,4",,,8.571,12
G.Skill Ripjaws X 16 GB,,"3,2133","4,4",,,8.439,9
Crucial Ballistix Sport 8 GB,59.9,"3,1600","2,4",7.487,,11.25,9
Crucial Ballistix Sport 16 GB,,"3,1600","2,8",,,11.25,9
Crucial Ballistix Sport 4 GB,31.45,"3,1600","1,4",7.862,Black / Silver,11.25,9
Crucial Ballistix Sport 8 GB,,"3,1600","1,8",,Black / Silver,11.25,9
G.Skill F3-1333C9D-8GSL 8 GB,,"3,1333","2,4",,,13.503,9
G.Skill F3-1333C9S-4GSL 4 GB,,"3,1333","1,4",,Green,13.503,9
G.Skill F3-1333C9S-8GSL 8 GB,,"3,1333","1,8",,,13.503,9
ADATA XPG Gaming 8 GB,,"3,1600","1,8",,Black / Silver,11.25,9
G.Skill F3-1333C9D-16GSL 16 GB,,"3,1333","2,8",,,13.503,9
Patriot Viper 3 16 GB,,"3,1600","2,8",,Black / Blue,12.5,10
Patriot Viper 3 16 GB,,"3,1600","2,8",,Black / Blue,11.25,9
TEAMGROUP Dark 16 GB,,"3,1600","2,8",,,11.25,9
TEAMGROUP Dark 8 GB,,"3,1600","2,4",,,11.25,9
TEAMGROUP Dark 8 GB,,"3,1866","2,4",,,9.646,9
TEAMGROUP Elite 4 GB,,"3,1066","2,2",,,13.133,7
TEAMGROUP TED38192M1333C9 8 GB,,"3,1333","1,8",,,13.503,9
TEAMGROUP Elite 8 GB,,"3,1333","2,4",,Red / Silver,13.503,9
TEAMGROUP TED38192M1600HC11DC 8 GB,,"3,1600","2,4",,Red / Silver,13.75,11
TEAMGROUP Elite 8 GB,,"3,1600","1,8",,,13.75,11
TEAMGROUP Vulcan 16 GB,,"3,1600","2,8",,,12.5,10
TEAMGROUP Vulcan 8 GB,,"3,1600","2,4",,,11.25,9
TEAMGROUP Vulcan 8 GB,,"3,2400","2,4",,,8.333,10
TEAMGROUP Vulcan 8 GB,,"3,1600","2,4",,,11.25,9
TEAMGROUP TLD316G1600HC10ADC01 16 GB,,"3,1600","2,8",,Black / Red,12.5,10
TEAMGROUP Vulcan 16 GB,,"3,1600","2,8",,,12.5,10
TEAMGROUP Xtreem Dark 16 GB,,"3,1600","4,4",,,11.25,9
TEAMGROUP TXD316G1866HC9KQC-D 16 GB,,"3,1866","4,4",,,9.646,9
TEAMGROUP TXD316G2133HC11QC-L 16 GB,,"3,2133","4,4",,,10.314,11
TEAMGROUP TXD316G2133HC9NQC-L 16 GB,,"3,2133","4,4",,,8.439,9
TEAMGROUP Vulcan 32 GB,,"3,1600","4,8",,,11.25,9
TEAMGROUP Xtreem Dark 8 GB,,"3,1600","2,4",,Black / Silver,11.25,9
TEAMGROUP Xtreem LV 8 GB,,"3,2400","2,4",,,8.333,10
TEAMGROUP Xtreem 8 GB,,"3,2666","2,4",,Black / Red,8.252,11
Avexir Core 8 GB,,"3,1600","2,4",,Black / Red,11.25,9
Avexir Core 8 GB,,"3,1600","2,4",,Black / Yellow,11.25,9
Patriot Viper 3 16 GB,,"3,2133","2,8",,,10.314,11
Patriot Viper 3 8 GB,,"3,1866","2,4",,,9.646,9
ADATA XPG Gaming 4 GB,,"3,1600","1,4",,Black / Silver,11.25,9
G.Skill F3-1600C11D-16GSL 16 GB,36.72,"3,1600","2,8",2.295,Green,13.75,11
G.Skill F3-1600C11D-8GSL 8 GB,,"3,1600","2,4",,,13.75,11
G.Skill F3-1600C11S-4GSL 4 GB,,"3,1600","1,4",,,13.75,11
G.Skill F3-1600C9S-4GSL 4 GB,20,"3,1600","1,4",5,,11.25,9
Wintec AMPX 8 GB,,"3,1600","2,4",,Black / Silver,11.25,9
Wintec Value 4 GB,,"3,1600","1,4",,Green,11.25,9
Avexir Standard 8 GB,,"3,1333","2,4",,Black / Silver,13.503,9
Avexir Core 8 GB,,"3,1333","1,8",,Black / Blue,13.503,9
Avexir Platinum 8 GB,,"3,1333","1,8",,Black,13.503,9
Avexir Core 16 GB,,"3,1333","2,8",,Black / Blue,13.503,9
Avexir Standard 16 GB,,"3,1333","2,8",,Black / Silver,13.503,9
Avexir Core 8 GB,,"3,1600","2,4",,Black / Orange,11.25,9
Avexir Standard 16 GB,,"3,1600","2,8",,Black / Silver,12.5,10
Avexir Core 16 GB,,"3,1866","4,4",,Black / Blue,9.646,9
Avexir Core 8 GB,,"3,2000","2,4",,Black / Blue,9,9
Avexir Core 16 GB,,"3,2000","4,4",,Black / Blue,9,9
Corsair XMS 64 GB,,"3,1600","8,8",,Black / Silver,11.25,9
Corsair Vengeance Pro 32 GB,,"3,1600","4,8",,Black / Blue,11.25,9
Crucial Ballistix Sport 16 GB,,"3,1866","2,8",,,10.718,10
Crucial Ballistix Sport 8 GB,,"3,1866","1,8",,Black / Silver,10.718,10
Patriot Viper 3 16 GB,,"3,1866","2,8",,Black / Blue,10.718,10
Patriot Viper 3 8 GB,,"3,1600","2,4",,Black / Blue,11.25,9
Patriot Viper 3 8 GB,,"3,2133","2,4",,,10.314,11
Crucial Ballistix Sport 8 GB,,"3,1866","2,4",,,10.718,10
Crucial Ballistix Sport 4 GB,39.99,"3,1866","1,4",9.998,Black / Silver,10.718,10
Mushkin Blackline 16 GB,,"3,2666","4,4",,,9.002,12
Mushkin Stealth 16 GB,,"3,2666","4,4",,,9.002,12
Mushkin Blackline RADIOACTIVE 16 GB,,"3,2666","4,4",,,9.002,12
Mushkin Blackline 8 GB,,"3,2666","2,4",,,9.002,12
Mushkin Stealth 8 GB,,"3,2666","2,4",,,9.002,12
Mushkin Blackline RADIOACTIVE 8 GB,,"3,2666","2,4",,Yellow / Black,9.002,12
VisionTek 900390 2 GB,,"3,1600","1,2",,Black,10,8
VisionTek 900392 2 GB,,"3,1600","1,2",,Black,11.25,9
VisionTek Black Label 4 GB,,"3,1600","1,4",,Black,11.25,9
VisionTek 900408 8 GB,,"3,1600","2,4",,Black,11.25,9
Kingston KVR13S9S8K2/8 8 GB,42,"3,1333","1,8",5.25,Green,13.503,9
Corsair Vengeance LP 8 GB,,"3,1600","2,4",,Green,11.25,9
G.Skill Ripjaws 8 GB,25.18,"3,1600","2,4",3.147,Black / Red,11.25,9
G.Skill Ripjaws 8 GB,,"3,1866","2,4",,Black / Red,10.718,10
G.Skill Ripjaws 4 GB,,"3,1866","1,4",,Black / Red,10.718,10
Corsair CMSO16GX3M2C1600C11 16 GB,84.98,"3,1600","2,8",5.311,Green,11.25,9
Corsair CMSO8GX3M1C1600C11 8 GB,37.99,"3,1600","1,8",4.749,Green,11.25,9
Corsair Vengeance 8 GB,,"3,1600","2,4",,Black / Gold,11.25,9
Patriot PV316G240C0KBL 16 GB,,"3,2400","2,8",,Black / Blue,8.333,10
Avexir SODIMM 16 GB,,"3,1333","2,8",,Black / Green,13.503,9
Avexir MSI Z77 MPOWER Optimized (Blue LED) 8GB 8 GB,,"3,2133","2,4",,Black / Yellow,8.439,9
Avexir AVEXIR Core Series 8GB Kit 8 GB,,"3,2800","4,2",,Black / Blue,8.571,12
G.Skill Ripjaws 16 GB,,"3,1866","2,8",,Black / Red,10.718,10
G.Skill Ripjaws 8 GB,,"3,1866","1,8",,Black / Red,10.718,10
AMD AE38G1609U2 8 GB,,"3,1600","1,8",,Black / Red,11.25,9
Avexir Standard 8 GB,,"3,1333","1,8",,Black / Silver,13.503,9
Corsair Vengeance Pro 8 GB,,"3,1600","2,4",,,11.25,9
Avexir Standard 32 GB,,"3,1600","4,8",,Black / Silver,12.5,10
Avexir Core Series 16 GB,,"3,2800","4,4",,Black / Blue,8.571,12
Avexir Core Series 8 GB,,"3,2933","2,4",,Black / Blue,8.183,12
Avexir Core Series 8 GB,,"3,3000","2,4",,Black / Blue,8,12
ADATA XPG V2 8 GB,,"3,3100","2,4",,,7.742,12
ADATA XPG V2 8 GB,,"3,3100","2,4",,,7.742,12
Avexir Core 8 GB,,"3,3200","2,4",,Black / Blue,8.125,13
ADATA XPG V1.0 4 GB,,"3,1600","1,4",,Blue / Silver,13.75,11
ADATA XPG V1.0 8 GB,,"3,1866","2,4",,Red / Silver,10.718,10
Avexir Core 8 GB,,"3,2400","2,4",,,8.333,10
Corsair CMSO4GX3M1C1333C9 4 GB,19.6,"3,1333","1,4",4.9,,13.503,9
Corsair CMSO4GX3M1C1600C11 4 GB,32.98,"3,1600","1,4",8.245,Green,11.25,9
Corsair CMSO8GX3M1C1333C9 8 GB,47.98,"3,1333","1,8",5.997,Green,13.503,9
Corsair CMSO8GX3M2C1600C11 8 GB,29.3,"3,1600","2,4",3.663,Green,11.25,9
Corsair Vengeance Pro 16 GB,,"3,2800","4,4",,,8.571,12
Corsair Vengeance Pro 8 GB,,"3,2933","2,4",,,8.183,12
Crucial CT2KIT25664BA160B 4 GB,,"3,1600","2,2",,Green,13.75,11
G.Skill Ripjaws X 4 GB,,"3,1866","1,4",,,9.646,9
G.Skill Ares 4 GB,,"3,1600","1,4",,,11.25,9
G.Skill Ripjaws Z 64 GB,,"3,1866","8,8",,,10.718,10
G.Skill Ripjaws Z 32 GB,,"3,2133","4,8",,Black / Blue,9.376,10
G.Skill Ripjaws Z 64 GB,,"3,2133","8,8",,,9.376,10
G.Skill Ripjaws Z 16 GB,,"3,2133","4,4",,,8.439,9
G.Skill Ripjaws Z 64 GB,,"3,2400","8,8",,,9.167,11
PNY MN16384KD3-1600 16 GB,,"3,1600","2,8",,Green,13.75,11
PNY MN8192SD3-1600 8 GB,,"3,1600","1,8",,Green,13.75,11
Patriot Viper SODIMM 16 GB,,"3,1600","2,8",,Black / Silver,11.25,9
Patriot Viper SODIMM 4 GB,,"3,1600","1,4",,Black / Silver,11.25,9
Patriot Viper SODIMM 8 GB,,"3,1600","1,8",,Black / Silver,11.25,9
Patriot Viper SODIMM 8 GB,51.41,"3,1600","2,4",6.426,Black / Silver,11.25,9
Corsair Vengeance Performance 16 GB,,"3,1866","2,8",,Black / Gold,10.718,10
G.Skill Ripjaws 8 GB,24.53,"3,1600","2,4",3.066,,13.75,11
G.Skill Ripjaws 4 GB,15.12,"3,1600","1,4",3.78,,13.75,11
G.Skill Ripjaws 8 GB,,"3,1866","2,4",,,11.79,11
G.Skill Ripjaws 4 GB,,"3,1866","1,4",,,11.79,11
G.Skill Ripjaws 8 GB,22.55,"3,1866","1,8",2.819,,11.79,11
Wintec Value 8 GB,,"3,1333","2,4",,,13.503,9
Corsair Vengeance Performance 8 GB,,"3,1600","2,4",,,11.25,9
G.Skill Aegis 8 GB,,"3,1333","2,4",,,13.503,9
G.Skill Aegis 8 GB,,"3,1333","2,4",,,13.503,9
G.Skill Aegis 8 GB,37.02,"3,1333","1,8",4.628,,13.503,9
Patriot Viper 16 GB,,"3,1866","2,8",,,10.718,10
Patriot Viper 8 GB,,"3,1866","1,8",,,10.718,10
Patriot Viper 3 8 GB,,"3,2400","2,4",,,9.167,11
Transcend TS512MSK64V3N 4 GB,37.71,"3,1333","1,4",9.428,,13.503,9
Wintec Value 4 GB,,"3,1333","1,4",,,13.503,9
Wintec Value 4 GB,,"3,1333","1,4",,,13.503,9
Wintec Value 4 GB,,"3,1600","1,4",,,13.75,11
Wintec Value 8 GB,,"3,1600","2,4",,,13.75,11
Wintec Value 4 GB,,"3,1600","1,4",,,13.75,11
Wintec Value 8 GB,,"3,1600","2,4",,,13.75,11
Crucial CT2K8G3ERSLS41339 16 GB,,"3,1333","2,8",,,13.503,9
GeIL EVO POTENZA 8GB 8 GB,,"3,2666","2,4",,,8.252,11
Corsair CML8GX3M2A1600C9R 8 GB,,"3,1600","2,4",,Black / Red,11.25,9
G.Skill Ripjaws Z 64 GB,,"3,2133","8,8",,Black / Blue,8.439,9
Kingston KVR16R11D4/16 16 GB,,"3,1600","1,16",,Black / Blue,13.75,11
Avexir Core 8 GB,,"3,2133","2,4",,Black / Blue,10.314,11
Corsair Vengeance Pro 64 GB,,"3,1866","8,8",,Black / Silver,9.646,9
Mushkin Redline 8 GB,,"3,2400","2,4",,Red / White,8.333,10
Silicon Power Xpower 8 GB,,"3,2400","2,4",,Green / Silver,9.167,11
Corsair Dominator Platinum 16 GB,,"3,2666","4,4",,Black / Silver,9.002,12
Corsair Dominator Platinum 8 GB,,"3,2666","2,4",,Black / Silver,9.002,12
Corsair Vengeance Performance 16 GB,,"3,2133","2,8",,Black / Gold,10.314,11
Corsair Vengeance Pro 8 GB,,"3,2800","2,4",,Black / Red,8.571,12
Crucial CT2KIT51264BA160BJ 8 GB,,"3,1600","2,4",,Black / Green,13.75,11
Crucial CT51264BF1339J 4 GB,,"3,1333","1,4",,Black / Green,13.503,9
G.Skill Ripjaws 4 GB,,"3,2133","1,4",,Black / Red,10.314,11
GeIL EVO POTENZA 8 GB,,"3,2133","2,4",,Black / Red,9.376,10
Mushkin Redline 16 GB,,"3,2400","4,4",,Red / White,8.333,10
Corsair Dominator Platinum 16 GB,,"3,2666","2,8",,Black / Silver,9.002,12
Corsair Dominator Platinum 8 GB,,"3,2800","2,4",,Black / Silver,8.571,12
Corsair Vengeance Pro 16 GB,,"3,2666","4,4",,Black / Red,9.002,12
Corsair Vengeance Pro 32 GB,,"3,2666","4,8",,Black / Red,9.002,12
G.Skill Ripjaws Z 16 GB,,"3,2666","4,4",,Black / Blue,8.252,11
G.Skill Trident X 16 GB,,"3,3000","4,4",,Black / Red,8,12
GeIL Green 8 GB,,"3,1333","2,4",,Black / Green,13.503,9
GeIL Green 8 GB,,"3,1333","1,8",,Black / Green,13.503,9
GeIL DRAGON 4 GB,,"3,1333","1,4",,Black,13.503,9
GeIL DRAGON 4 GB,,"3,1600","1,4",,Black,13.75,11
GeIL DRAGON 8 GB,,"3,1333","1,8",,Black,13.503,9
Corsair Mac Memory 16 GB,83.99,"3,1333","2,8",5.249,Black / Green,13.503,9
Corsair Mac Memory 16 GB,77.98,"3,1600","2,8",4.874,Black / Green,13.75,11
Corsair Mac Memory 4 GB,21.99,"3,1066","1,4",5.497,Black / Green,13.133,7
Corsair Mac Memory 8 GB,49.98,"3,1333","1,8",6.247,Black / Green,13.503,9
Corsair Mac Memory 8 GB,39.99,"3,1600","1,8",4.999,Black / Green,13.75,11
Corsair Mac Memory 8 GB,52.98,"3,1066","2,4",6.622,Black / Green,13.133,7
Corsair Mac Memory 8 GB,42.99,"3,1333","2,4",5.374,Black / Green,13.503,9
Crucial CT12872BD1339 1 GB,,"3,1333","1,1",,Black / Green,13.503,9
Crucial CT2G3S1339M 2 GB,,"3,1333","1,2",,Black / Green,13.503,9
Crucial CT2K16G3R186DM 32 GB,,"3,1866","2,16",,Black / Green,13.934,13
Crucial CT2K4G3W186DM 8 GB,,"3,1866","2,4",,Black / Green,13.934,13
Crucial CT2K8G3W186DM 16 GB,,"3,1866","2,8",,Black / Green,13.934,13
Crucial CT2KIT25664BA1339A 4 GB,,"3,1333","2,2",,Black / Green,13.503,9
Crucial CT2KIT51272BA1067 8 GB,,"3,1066","2,4",,Black / Green,13.133,7
Crucial CT4G3W186DM 4 GB,,"3,1866","1,4",,Black / Green,13.934,13
Crucial CT51272BA1067 4 GB,,"3,1066","1,4",,Black / Green,13.133,7
Crucial CT8G3W186DM 8 GB,,"3,1866","1,8",,Black / Green,13.934,13
G.Skill FA-1333C9D-16GSQ 16 GB,,"3,1333","2,8",,Black / Green,13.503,9
G.Skill FA-1333C9S-8GSQ 8 GB,67,"3,1333","1,8",8.375,Black / Green,13.503,9
G.Skill FA-1600C11D-16GSQ 16 GB,,"3,1600","2,8",,Black / Green,13.75,11
G.Skill FA-1600C11D-8GSQ 8 GB,64,"3,1600","2,4",8,Black / Green,13.75,11
G.Skill FA-1600C11S-4GSQ 4 GB,,"3,1600","1,4",,Black / Green,13.75,11
G.Skill FA-1600C11S-8GSQ 8 GB,46.32,"3,1600","1,8",5.79,Black / Green,13.75,11
G.Skill FA-8500CL7D-8GBSQ 8 GB,27.38,"3,1066","2,4",3.422,Black / Green,13.133,7
G.Skill FA-8500CL7S-4GBSQ 4 GB,28.48,"3,1066","1,4",7.12,Black / Green,13.133,7
HP 647909-B21 8 GB,47.7,"3,1333","1,8",5.963,Black / Green,13.503,9
IBM 00D4959 8 GB,,"3,1600","1,8",,Black / Green,13.75,11
Mushkin 971643A 2 GB,,"3,1066","1,2",,Black / Blue,13.133,7
Mushkin 971644A 4 GB,,"3,1066","1,4",,Black / Blue,13.133,7
Mushkin 971699A 2 GB,23.35,"3,1066","1,2",11.675,Black / Green,13.133,7
Mushkin 971980A 16 GB,,"3,1333","1,16",,Black / Green,13.503,9
Mushkin 972020A 8 GB,,"3,1333","1,8",,Black / Green,13.503,9
Mushkin 972038A 8 GB,,"3,1600","1,8",,Black / Green,13.75,11
Mushkin 972044A 8 GB,,"3,1333","1,8",,Black / Green,13.503,9
Mushkin 973980A 64 GB,,"3,1333","4,16",,Black / Green,13.503,9
Mushkin 974044A 32 GB,,"3,1333","4,8",,Black / Green,13.503,9
Mushkin 977020A 16 GB,,"3,1333","2,8",,Black / Green,13.503,9
Mushkin 977033A 8 GB,,"3,1600","2,4",,Black / Green,13.75,11
Patriot Mac 16 GB,,"3,1333","2,8",,Black / Green,13.503,9
Mushkin Essentials 16 GB,,"3,1600","2,8",,Black / Green,13.75,11
Mushkin 976647A 8 GB,33.46,"3,1333","2,4",4.183,Black / Green,13.503,9
Corsair Vengeance Performance 16 GB,,"3,1600","2,8",,Black / Gold,11.25,9
Corsair Vengeance Pro 16 GB,,"3,2933","4,4",,Black / Red,8.183,12
Corsair Vengeance Pro 16 GB,,"3,2933","4,4",,Black / Red,8.183,12
Corsair Vengeance Pro 8 GB,,"3,2666","2,4",,Black / Red,8.252,11
GeIL EVO Leggera 2 GB,,"3,1333","1,2",,Black / Blue,13.503,9
GeIL EVO Leggera 2 GB,,"3,1600","1,2",,Black / Blue,11.25,9
GeIL EVO Leggara 8 GB,,"3,1333","2,4",,Black / Blue,13.503,9
GeIL EVO VELOCE 2 GB,,"3,1333","1,2",,Red / White,13.503,9
GeIL EVO VELOCE 2 GB,,"3,1600","1,2",,Red / White,11.25,9
GeIL Green 8 GB,71.9,"3,1333","2,4",8.988,Black / Green,13.503,9
GeIL EVO CORSA 8 GB,,"3,1600","1,8",,Black / Yellow,11.25,9
GeIL EVO POTENZA 16 GB,,"3,1333","2,8",,Black / Red,13.503,9
GeIL EVO POTENZA 4 GB,,"3,1600","1,4",,Black / Red,11.25,9
GeIL EVO POTENZA 8 GB,,"3,1333","2,4",,Black / Red,13.503,9
GeIL EVO POTENZA 8 GB,,"3,1600","2,4",,Black / Red,11.25,9
GeIL EVO POTENZA 8 GB,,"3,1866","2,4",,Black / Red,9.646,9
GeIL EVO POTENZA 16 GB,,"3,1333","2,8",,Black / White,13.503,9
GeIL EVO POTENZA 4 GB,,"3,1333","1,4",,Black / White,13.503,9
GeIL EVO POTENZA 4 GB,,"3,1600","1,4",,Black / White,11.25,9
GeIL EVO POTENZA 8 GB,,"3,1333","2,4",,Black / White,13.503,9
GeIL EVO POTENZA 8 GB,,"3,1600","2,4",,Black / White,11.25,9
GeIL EVO POTENZA 8 GB,,"3,1866","2,4",,Black / White,9.646,9
GeIL EVO POTENZA 8 GB,,"3,2933","2,4",,Black / White,8.183,12
GeIL EVO POTENZA 8 GB,,"3,3000","2,4",,Black / White,8,12
AMD R9 Gamer 8 GB,,"3,2400","2,4",,Black / Silver,9.167,11
Corsair Dominator Platinum 16 GB,,"3,2400","4,4",,Black / Silver,7.5,9
Corsair Dominator Platinum 16 GB,,"3,2800","4,4",,Black / Silver,8.571,12
Corsair Dominator Platinum 64 GB,,"3,2400","8,8",,Black / Silver,8.333,10
Corsair Dominator Platinum 8 GB,,"3,2933","2,4",,Black / Silver,8.183,12
Crucial CT2KIT12872BA1067 2 GB,,"3,1066","2,1",,Black / Green,13.133,7
Kingston Predator 8 GB,,"3,2800","2,4",,Black / Blue,8.571,12
Mushkin 976643A 4 GB,31.7,"3,1066","2,2",7.925,Black / Blue,13.133,7
Mushkin 976644A 8 GB,,"3,1066","2,4",,Black / Green,13.133,7
Mushkin Proline 12 GB,,"3,1333","3,4",,Black / Green,13.503,9
Patriot Mac 8 GB,74.95,"3,1333","2,4",9.369,Black / Blue,13.503,9
VisionTek 900642 8 GB,,"3,1600","1,8",,Black,13.75,11
Corsair Vengeance Pro 8 GB,,"3,2666","2,4",,Black / Red,9.002,12
Corsair Vengeance Pro 8 GB,,"3,2933","2,4",,Black / Red,8.183,12
GeIL EVO VELOCE 4 GB,,"3,1600","1,4",,White,13.75,11
GeIL Green 4 GB,,"3,1333","1,4",,Green / Black,13.503,9
GeIL Green 8 GB,,"3,1333","1,8",,Green / Black,13.503,9
Mushkin Proline 16 GB,,"3,1866","4,4",,Black / Green,13.934,13
Mushkin Proline 32 GB,,"3,1866","4,8",,Black / Green,13.934,13
Mushkin Essentials 8 GB,,"3,1866","2,4",,Black / Green,13.934,13
Mushkin Essentials 16 GB,,"3,1866","2,8",,Black / Green,13.934,13
Mushkin Proline 8 GB,,"3,1866","2,4",,Black / Green,13.934,13
Patriot Viper 3 Black 16 GB,,"3,1600","2,8",,Black / Silver,12.5,10
Patriot Viper 3 Low Profile Red 16 GB,,"3,1600","2,8",,Black / Red,12.5,10
Patriot Viper 3 Low Profile Black 16 GB,,"3,1600","2,8",,Black / Silver,11.25,9
Patriot Viper 3 Low Profile Blue 16 GB,,"3,1600","2,8",,Black / Blue,11.25,9
Patriot Viper 3 Low Profile Red 16 GB,,"3,1600","2,8",,Black / Red,11.25,9
Patriot Viper 3 Low Profile Black 16 GB,98.97,"3,1866","2,8",6.186,Black / Silver,10.718,10
Patriot Viper 3 Low Profile Blue 16 GB,,"3,1866","2,8",,Black / Blue,10.718,10
Patriot Viper 3 Low Profile Black 16 GB,,"3,2133","2,8",,Black / Silver,10.314,11
Patriot Viper 3 Low Profile Blue 16 GB,,"3,2133","2,8",,Black / Blue,10.314,11
Patriot Viper 3 Low Profile Black 32 GB,,"3,1600","4,8",,Black / Silver,12.5,10
Patriot Viper 3 Low Profile Blue 32 GB,,"3,1600","4,8",,Black / Blue,12.5,10
Patriot Viper 3 Low Profile Red 32 GB,,"3,1600","4,8",,Black / Red,12.5,10
Patriot Viper 3 Low Profile Blue 32 GB,,"3,1600","4,8",,Black / Blue,11.25,9
Patriot Viper 3 Low Profile Red 32 GB,,"3,1600","4,8",,Black / Red,11.25,9
Patriot Viper 3 Low Profile Black 32 GB,,"3,1866","4,8",,Black / Silver,10.718,10
Patriot Viper 3 Low Profile Blue 32 GB,,"3,1866","4,8",,Black / Blue,10.718,10
Patriot Viper 3 Low Profile Red 32 GB,,"3,1866","4,8",,Black / Red,10.718,10
Patriot Viper 3 Low Profile Black 32 GB,,"3,2133","4,8",,Black / Silver,10.314,11
Patriot Viper 3 Low Profile Red 32 GB,,"3,2133","4,8",,Black / Red,10.314,11
Patriot Viper 3 Low Profile Black 8 GB,,"3,1600","2,4",,Black / Silver,12.5,10
Patriot Viper 3 Low Profile Blue 8 GB,,"3,1600","2,4",,Black / Blue,12.5,10
Patriot Viper 3 Low Profile Black 8 GB,66.48,"3,1600","2,4",8.31,Black / Silver,11.25,9
Patriot Viper 3 Low Profile Blue 8 GB,,"3,1600","2,4",,Black / Blue,11.25,9
Patriot Viper 3 Low Profile Red 8 GB,67.2,"3,1600","2,4",8.4,Black / Red,11.25,9
Patriot Viper 3 Low Profile Black 8 GB,,"3,1866","2,4",,Black / Silver,10.718,10
Patriot Viper 3 Low Profile Blue 8 GB,,"3,1866","2,4",,Black / Blue,10.718,10
Patriot Viper 3 Low Profile Red 8 GB,,"3,1866","2,4",,Black / Red,10.718,10
Patriot Viper 3 Low Profile Blue 8 GB,,"3,1866","2,4",,Black / Blue,9.646,9
Patriot Viper 3 Red 8 GB,76.76,"3,1866","2,4",9.595,Black / Red,9.646,9
Patriot Viper 3 Low Profile Black 8 GB,74.06,"3,2133","2,4",9.258,Black / Silver,10.314,11
Patriot Viper 3 Low Profile Red 8 GB,,"3,2133","2,4",,Black / Red,10.314,11
Kingston KHX18C10/8 8 GB,,"3,1866","1,8",,Blue / Silver,10.718,10
ADATA XPG V1.0 4 GB,,"3,1600","1,4",,Red / Silver,11.25,9
ADATA XPG V2 8 GB,,"3,1866","2,4",,Black / Silver,10.718,10
ADATA XPG V2 16 GB,,"3,1866","2,8",,Gold,10.718,10
G.Skill Ares 16 GB,,"3,2133","2,8",,Black / Red,10.314,11
Kingston KHX18C10K2/8 8 GB,,"3,1866","2,4",,Blue / Silver,10.718,10
Kingston Beast 16 GB,,"3,1866","4,4",,Black,10.718,10
Kingston KHX18LS11P1K2/16 16 GB,,"3,1866","2,8",,Silver,11.79,11
Kingston KHX18LS11P1K2/8 8 GB,,"3,1866","2,4",,Silver,11.79,11
Mushkin Essentials 8 GB,,"3,1866","2,4",,Black / Green,13.934,13
Mushkin Essentials 16 GB,,"3,1866","2,8",,Black / Blue,13.934,13
Patriot Signature 4 GB,,"3,1333","1,4",,Black / Green,13.503,9
Patriot Signature Line 8 GB,,"3,1333","2,4",,Blue / Silver,13.503,9
Patriot Viper 3 Low Profile Red 16 GB,,"3,1866","2,8",,Black / Red,10.718,10
Patriot Viper 3 Low Profile Red 16 GB,,"3,2133","2,8",,Black / Red,10.314,11
Kingston KAS-N3CL/8G 8 GB,,"3,1600","1,8",,Black / Green,13.75,11
Corsair Dominator Platinum 16 GB,,"3,1600","2,8",,Black / Silver,11.25,9
Corsair Dominator Platinum 16 GB,,"3,2133","4,4",,Black / Silver,8.439,9
Corsair Dominator Platinum 8 GB,,"3,1600","2,4",,Black / Silver,11.25,9
Corsair Dominator Platinum 8 GB,,"3,2133","2,4",,Black / Silver,8.439,9
Patriot PX34G1333C9 Bundle 8 GB,,"3,1333","2,4",,Black / Silver,13.503,9
Corsair Vengeance Pro 16 GB,,"3,2133","4,4",,Black / Red,8.439,9
ADATA XPG V1.0 16 GB,,"3,1866","2,8",,Red / Silver,10.718,10
GeIL EVO POTENZA 8 GB,,"3,1600","1,8",,Black / Red,11.25,9
Crucial CT51264BA160BJ 4 GB,,"3,1600","1,4",,Black / Green,13.75,11
Kingston HyperX Fury 4 GB,,"3,1333","1,4",,Red / Silver,13.503,9
Kingston HyperX Fury 8 GB,,"3,1333","1,8",,Red / Silver,13.503,9
Kingston HyperX Fury 8 GB,,"3,1333","1,8",,White / Silver,13.503,9
Kingston HyperX Fury 4 GB,,"3,1600","1,4",,White / Silver,12.5,10
Kingston HyperX Fury 8 GB,,"3,1600","1,8",,White / Silver,12.5,10
Kingston HyperX Fury 4 GB,,"3,1866","1,4",,Blue / Silver,10.718,10
Kingston HyperX Fury 4 GB,,"3,1866","1,4",,Red / Silver,10.718,10
Kingston HyperX Fury 4 GB,,"3,1866","1,4",,White / Silver,10.718,10
Kingston HyperX Fury 8 GB,,"3,1866","1,8",,White / Silver,10.718,10
Corsair Vengeance LP 8 GB,,"3,2133","2,4",,Black / Green,8.439,9
Corsair Vengeance Pro 16 GB,,"3,2666","2,8",,Black / Red,8.252,11
G.Skill Sniper 4 GB,,"3,1600","1,4",,Black / Red,11.25,9
G.Skill F3-1333C9D-8GSA 8 GB,,"3,1333","2,4",,Black,13.503,9
G.Skill Ripjaws 16 GB,,"3,2133","2,8",,Black / Red,10.314,11
Wintec One 16 GB,,"3,1600","2,8",,Black / Green,13.75,11
Wintec Value 16 GB,,"3,1600","2,8",,Black / Green,13.75,11
Wintec Value 8 GB,,"3,1600","1,8",,Black / Green,13.75,11
Transcend JetRam 8 GB,,"3,1333","1,8",,Black / Green,13.503,9
ADATA Premier 8 GB,,"3,1600","2,4",,Black / Green,13.75,11
ADATA XPG Gaming 4 GB,,"3,1333","2,2",,Black / Silver,13.503,9
Corsair Vengeance Pro 64 GB,,"3,2400","8,8",,Black / Red,9.167,11
Corsair Vengeance Pro 8 GB,,"3,2133","2,4",,Black / Red,8.439,9
AMD Radeon R3 Value 4 GB,,"3,1333","1,4",,Black / Red,13.503,9
AMD Radeon R3 Value 8 GB,,"3,1333","1,8",,Black / Red,13.503,9
AMD Radeon R3 Value 8 GB,,"3,1333","2,4",,Black / Red,13.503,9
Corsair Dominator Platinum 32 GB,,"3,2400","4,8",,Black / Silver,9.167,11
Crucial CT25672BD1339 2 GB,,"3,1333","1,2",,Black / Green,13.503,9
Mushkin Redline 16 GB,,"3,1600","4,4",,Red / Silver,8.75,7
Mushkin Redline 16 GB,,"3,1600","4,4",,Red / Silver,8.75,7
Mushkin Redline 16 GB,,"3,1866","4,4",,Red / Silver,8.574,8
Mushkin Redline 16 GB,,"3,1866","4,4",,Red / Silver,8.574,8
Mushkin Redline 8 GB,,"3,1600","2,4",,Red / Silver,8.75,7
Mushkin Redline 8 GB,,"3,1600","2,4",,Red / Silver,8.75,7
Mushkin Redline 8 GB,,"3,1866","2,4",,Red / Silver,8.574,8
Mushkin Redline 16 GB,,"3,2133","4,4",,Red / Silver,8.439,9
Mushkin Redline 16 GB,,"3,2133","4,4",,Red / Silver,8.439,9
Mushkin Redline 8 GB,,"3,2133","2,4",,Red / Silver,8.439,9
Mushkin Redline 8 GB,,"3,2133","2,4",,Red / Silver,8.439,9
Mushkin Redline 16 GB,,"3,1600","2,8",,Red / Silver,8.75,7
Mushkin Redline 16 GB,,"3,1866","2,8",,Red / Silver,8.574,8
Mushkin Redline 16 GB,,"3,2133","2,8",,Red / Silver,8.439,9
Mushkin Redline 16 GB,,"3,2133","2,8",,Red / Silver,8.439,9
Kingston KHX13C9B1B/8 8 GB,,"3,1333","1,8",,Black / Silver,13.503,9
Crucial CT25664BA1339A 2 GB,,"3,1333","1,2",,Black / Green,13.503,9
Kingston KVR16R11S4K4/32 32 GB,,"3,1600","4,8",,Black / Green,13.75,11
PNY MD16384KD3-2133-X11 16 GB,,"3,2133","2,8",,Black / Red,10.314,11
PNY MN4096SD3-1600-LV 4 GB,,"3,1600","1,4",,Black / Green,13.75,11
PNY MN8192SD3-1600-LV 8 GB,,"3,1600","1,8",,Black / Green,13.75,11
V7 V73T2GNZBII 2 GB,,"3,1333","1,2",,Black / Green,13.503,9
V7 V73T8GNAJKI 8 GB,,"3,1600","1,8",,Black / Green,13.75,11
AMD R5 Entertainment 16 GB,,"3,1600","2,8",,Black / Red,13.75,11
AMD R5 Entertainment 4 GB,,"3,1600","1,4",,Black / Red,13.75,11
AMD R5 Entertainment 8 GB,,"3,1600","2,4",,Black / Red,13.75,11
AMD R5 Entertainment 8 GB,,"3,1600","1,8",,Black / Red,13.75,11
Corsair CMSO2GX3M1C1600C11 2 GB,,"3,1600","1,2",,Black / Green,13.75,11
Crucial CT2KIT51264BF1339J 8 GB,,"3,1333","2,4",,Black / Green,13.503,9
Kingston KVR13LS9S6/2 2 GB,,"3,1333","1,2",,Black / Green,13.503,9
PNY MD32768K4D3-1600-X9 32 GB,,"3,1600","4,8",,Black / White,11.25,9
PNY MN16384KD3-1600-LV 16 GB,,"3,1600","2,8",,Black / Green,13.75,11
PNY MN8192KD3-1600-LV 8 GB,,"3,1600","2,4",,Black / Green,13.75,11
G.Skill Ripjaws 32 GB,,"3,1866","4,8",,Black / Red,10.718,10
G.Skill Ripjaws 32 GB,,"3,1866","4,8",,Black / Red,11.79,11
G.Skill Ripjaws 32 GB,,"3,2133","4,8",,Black / Red,10.314,11
TEAMGROUP Xtreem 16 GB,,"3,2666","2,8",,Blue / White,8.252,11
Mushkin Redline 32 GB,,"3,1600","4,8",,Red / White,8.75,7
Mushkin Redline 32 GB,,"3,1866","4,8",,Red / White,8.574,8
Mushkin Redline 32 GB,,"3,1866","4,8",,Red / White,8.574,8
Mushkin Redline 32 GB,,"3,2133","4,8",,Red / White,8.439,9
Kingston HyperX Savage 4 GB,,"3,1600","1,4",,Black / Red,11.25,9
Kingston HyperX Savage 8 GB,,"3,1600","1,8",,Black / Red,11.25,9
Kingston HyperX Savage 4 GB,,"3,1866","1,4",,Black / Red,9.646,9
Kingston HyperX Savage 4 GB,,"3,2133","1,4",,Black / Red,10.314,11
Kingston HyperX Savage 4 GB,,"3,2400","1,4",,Black / Red,9.167,11
Transcend JM1333KSN-2G 2 GB,,"3,1333","1,2",,Black / Green,13.503,9
Mushkin Blackline 8 GB,,"3,1600","1,8",,Black / Gray,11.25,9
Mushkin Blackline 4 GB,,"3,1600","1,4",,Black / Green,11.25,9
TEAMGROUP Vulcan 8 GB,,"3,2400","2,4",,Yellow,9.167,11
Kingston HyperX Savage 8 GB,,"3,2133","1,8",,Red / Black,10.314,11
Mushkin Blackline 8 GB,,"3,1600","2,4",,Black,11.25,9
Mushkin Blackline 16 GB,,"3,1600","2,8",,Black / Blue,11.25,9
Samsung M393B2G70BH0-YH9 16 GB,48.99,"3,1333","1,16",,Black / Green,13.503,9
Mushkin Redline 32 GB,,"3,2133","4,8",,Red,8.439,9
Mushkin Proline 16 GB,,"3,1866","2,8",,Black / Green,13.934,13
Corsair Dominator Platinum 16 GB,,"3,3000","4,4",,Black / Silver,8,12
Corsair Dominator Platinum 8 GB,,"3,3000","2,4",,Black / Silver,8,12
Crucial CT3K32G3ELSDQ4186D 96 GB,,"3,1866","3,32",,Blue / Silver,13.934,13
Crucial CT3K32G3ELSLQ4160B 96 GB,,"3,1600","3,32",,Blue / Silver,13.75,11
Kingston HyperX Predator 16 GB,,"3,1866","4,4",,Black / Blue,9.646,9
Kingston HyperX Beast 8 GB,,"3,1866","2,4",,Black / Blue,9.646,9
Kingston HyperX Beast 64 GB,,"3,2133","8,8",,Black,10.314,11
Kingston HyperX Beast 16 GB,,"3,2133","2,8",,Black,10.314,11
Kingston HyperX Predator 16 GB,,"3,2133","2,8",,Black / Blue,10.314,11
Kingston HyperX Beast 8 GB,,"3,2133","2,4",,Black,10.314,11
Kingston HyperX Beast 32 GB,,"3,2133","4,8",,Black,10.314,11
Kingston HyperX Predator 8 GB,,"3,2400","2,4",,Black / Blue,9.167,11
Kingston HyperX Beast 16 GB,,"3,2400","2,8",,Black,9.167,11
Kingston HyperX Beast 16 GB,,"3,2400","4,4",,Black,9.167,11
Kingston HyperX Beast 32 GB,,"3,2400","4,8",,Black,9.167,11
Kingston KVR16R11S4/8KF 8 GB,,"3,1600","1,8",,Black / Green,13.75,11
Mushkin Proline 32 GB,,"3,1866","4,8",,Black / Green,13.934,13
Mushkin Proline 16 GB,,"3,1866","2,8",,Black / Green,13.934,13
TEAMGROUP Elite 4 GB,,"3,1333","1,4",,Black / Green,13.503,9
TEAMGROUP TSD316G1333C9DC-E 16 GB,,"3,1333","2,8",,Black / Green,13.503,9
TEAMGROUP TSD316G1600C11DC-E 16 GB,,"3,1600","2,8",,Black / Green,13.75,11
TEAMGROUP Elite 4 GB,,"3,1066","1,4",,Black / Green,13.133,7
TEAMGROUP TSD34096M1333C9DC-E 4 GB,,"3,1333","2,2",,Black / Green,13.503,9
TEAMGROUP TSD38192M1066C7DC-E 8 GB,,"3,1066","2,4",,Black / Green,13.133,7
TEAMGROUP TSD38192M1333C9DC-E 8 GB,,"3,1333","2,4",,Black,13.503,9
TEAMGROUP TSD38192M1333C9-E 8 GB,,"3,1333","1,8",,Black / Green,13.503,9
TEAMGROUP TSD38192M1600C11DC-E 8 GB,,"3,1600","2,4",,Black / Green,13.75,11
TEAMGROUP TSD38192M1600C11-E 8 GB,,"3,1600","1,8",,Black / Green,13.75,11
TEAMGROUP Dark 8 GB,,"3,1600","1,8",,Red / Blue,11.25,9
TEAMGROUP Vulcan 16 GB,,"3,1600","2,8",,Orange,12.5,10
TEAMGROUP Vulcan 16 GB,,"3,1600","2,8",,Yellow,12.5,10
TEAMGROUP Vulcan 16 GB,,"3,2400","2,8",,Orange,9.167,11
ADATA XPG V1.0 8 GB,,"3,2133","2,4",,Black / Red,9.376,10
Crucial Ballistix Tactical 8 GB,,"3,1600","1,8",,Black / Silver,10,8
Crucial CT3KIT12864BA160B 3 GB,,"3,1600","3,1",,Black / Green,13.75,11
Crucial CT3KIT25664BA160B 6 GB,,"3,1600","3,2",,Black / Green,13.75,11
G.Skill Ripjaws 32 GB,,"3,1600","4,8",,Black / Red,13.75,11
G.Skill Ripjaws 32 GB,,"3,1600","4,8",,Black / Red,11.25,9
Kingston Impact Black 4 GB,,"3,1600","1,4",,Black,11.25,9
Kingston Impact Black 8 GB,,"3,1600","1,8",,Black,11.25,9
Kingston Impact Black 16 GB,,"3,1600","2,8",,Black,11.25,9
Kingston Impact Black 8 GB,,"3,1600","2,4",,Black,11.25,9
Kingston Impact Black 16 GB,,"3,1866","2,8",,Black,10.718,10
Kingston Impact Black 8 GB,,"3,1866","2,4",,Black,10.718,10
Kingston HyperX Predator 8 GB,,"3,2133","2,4",,Black / Blue,10.314,11
Kingston Impact Black 8 GB,,"3,2133","2,4",,Black,10.314,11
Kingston Predator 8 GB,,"3,1866","2,4",,Black / Blue,10.718,10
Kingston Predator 16 GB,,"3,1866","4,4",,Black / Blue,10.718,10
Kingston Beast 8 GB,,"3,1866","2,4",,Black,10.718,10
Mushkin Blackline 16 GB,,"3,1600","4,4",,Black,11.25,9
Mushkin Blackline 16 GB,,"3,1600","4,4",,Black / White,11.25,9
Mushkin Blackline 16 GB,,"3,2000","4,4",,Black / White,9,9
Mushkin Blackline 16 GB,,"3,2000","4,4",,Black,9,9
Mushkin Redline 16 GB,,"3,2133","4,4",,Red / White,8.439,9
Mushkin Redline 16 GB,,"3,1866","4,4",,Red,9.646,9
Mushkin Redline 16 GB,,"3,2400","4,4",,Red / White,8.333,10
Mushkin Blackline 16 GB,,"3,2400","4,4",,Yellow,9.167,11
Mushkin Blackline 16 GB,,"3,2400","4,4",,Black / White,9.167,11
Mushkin Blackline 32 GB,,"3,1600","4,8",,Black / White,11.25,9
Mushkin Blackline 32 GB,,"3,1600","4,8",,Black,11.25,9
Mushkin Redline 32 GB,,"3,1866","4,8",,Red,9.646,9
Mushkin Redline 32 GB,,"3,1866","4,8",,Red,9.646,9
Mushkin Blackline 32 GB,,"3,2400","4,8",,Black / White,9.167,11
Mushkin Proline 16 GB,,"3,1866","4,4",,Black / Green,13.934,13
Mushkin Proline 16 GB,,"3,1866","4,4",,Black / Green,13.934,13
Mushkin Blackline 16 GB,,"3,2133","4,4",,Black,9.376,10
Mushkin Blackline 16 GB,,"3,2133","4,4",,Yellow,9.376,10
Mushkin Redline 16 GB,,"3,1866","4,4",,Red / White,8.574,8
Mushkin Redline 16 GB,,"3,2133","4,4",,Red / White,8.439,9
Mushkin Redline 32 GB,,"3,2133","4,8",,Red / White,8.439,9
Mushkin Blackline 16 GB,,"3,2133","4,4",,Black / White,10.314,11
Mushkin Blackline 8 GB,,"3,1600","2,4",,Black,11.25,9
Mushkin Redline 8 GB,,"3,2133","2,4",,Red / White,8.439,9
Mushkin Blackline 16 GB,,"3,1600","2,8",,Yellow,11.25,9
Mushkin Redline 8 GB,,"3,2400","2,4",,Red / White,8.333,10
Mushkin Blackline 8 GB,,"3,2400","2,4",,Black / White,9.167,11
Mushkin Blackline 8 GB,,"3,2400","2,4",,Yellow,9.167,11
Mushkin Blackline 16 GB,,"3,1600","2,8",,Black / White,11.25,9
Mushkin Blackline 16 GB,,"3,1600","2,8",,Black,11.25,9
Mushkin Redline 16 GB,,"3,1866","2,8",,Red,9.646,9
Mushkin Redline 16 GB,,"3,1866","2,8",,Red,9.646,9
Mushkin Blackline 16 GB,,"3,2400","2,8",,Black / White,9.167,11
Mushkin Blackline 16 GB,,"3,2400","2,8",,Yellow,9.167,11
Mushkin Proline 8 GB,,"3,1866","2,4",,Black / Green,13.934,13
Mushkin Proline 8 GB,,"3,1866","2,4",,Black / Green,13.934,13
Mushkin Blackline 8 GB,,"3,2133","2,4",,Black,9.376,10
Mushkin Blackline 8 GB,,"3,2133","2,4",,Black,9.376,10
Mushkin Stealth 8 GB,,"3,2133","2,4",,Black,9.376,10
Mushkin Blackline 8 GB,,"3,2133","2,4",,Yellow,9.376,10
Mushkin Redline 8 GB,,"3,1866","2,4",,Red / White,8.574,8
Mushkin Redline 8 GB,,"3,2133","2,4",,Red / White,8.439,9
Mushkin Redline 16 GB,,"3,2133","2,8",,Red / White,8.439,9
Mushkin Blackline 8 GB,,"3,2133","2,4",,Black / White,10.314,11
Mushkin Blackline 12 GB,,"3,1600","3,4",,Black,12.5,10
TEAMGROUP Vulcan 8 GB,,"3,2133","2,4",,Orange,9.376,10
TEAMGROUP Vulcan 8 GB,,"3,2133","2,4",,Red,9.376,10
TEAMGROUP Vulcan 8 GB,,"3,2400","2,4",,Red,9.167,11
TEAMGROUP Vulcan 8 GB,,"3,2133","2,4",,Orange,9.376,10
TEAMGROUP Vulcan 8 GB,,"3,2133","2,4",,Orange,10.314,11
TEAMGROUP Elite Plus 16 GB,,"3,1333","2,8",,Black / Gold,13.503,9
TEAMGROUP Elite Plus 4 GB,,"3,1333","1,4",,Black / Gold,13.503,9
TEAMGROUP Elite Plus 8 GB,,"3,1600","1,8",,Black / Gold,13.75,11
TEAMGROUP Elite Plus 8 GB,,"3,1600","2,4",,Black / Gold,13.75,11
TEAMGROUP Elite 4 GB,,"3,1333","1,4",,Black / Green,13.503,9
TEAMGROUP Xtreem 8 GB,,"3,2400","2,4",,White / Blue,8.333,10
TEAMGROUP Xtreem 8 GB,,"3,2666","2,4",,White / Blue,8.252,11
TEAMGROUP Xtreem 8 GB,,"3,2800","2,4",,White / Blue,8.571,12
TEAMGROUP Zeus Blue 8 GB,,"3,1600","2,4",,Blue,11.25,9
TEAMGROUP Zeus Red 8 GB,,"3,2133","2,4",,Red,10.314,11
TEAMGROUP Zeus Yellow 8 GB,,"3,1600","2,4",,Yellow,11.25,9
TEAMGROUP Zeus Yellow 8 GB,,"3,2133","2,4",,Yellow,10.314,11
TEAMGROUP Dark 8 GB,,"3,1600","1,8",,Black / Blue,11.25,9
ADATA XPG V1.0 16 GB,,"3,1600","2,8",,Red / White,11.25,9
Crucial CT32G3ELSLQ4160B 32 GB,,"3,1600","1,32",,Blue / Silver,13.75,11
Mushkin Proline 32 GB,,"3,1866","4,8",,Black / Green,13.934,13
Mushkin Proline 16 GB,,"3,1866","2,8",,Black / Green,13.934,13
Samsung M393B1G70QH0-CMA08 8 GB,,"3,1866","1,8",,Black / Green,13.934,13
Wintec HMT31GR7CFR4C-PBD8 8 GB,,"3,1600","1,8",,Black,13.75,11
Wintec HMT31GR7EFR4C-RDT8 8 GB,,"3,1866","1,8",,Black / Blue,13.934,13
Wintec HMT325U7EFR8A-PB 2 GB,,"3,1600","1,2",,Black / Blue,13.75,11
Wintec HMT351R7CFR8A-H9T3 4 GB,,"3,1333","1,4",,Black / Blue,13.503,9
Wintec HMT351R7CFR8A-H9T8 4 GB,,"3,1333","1,4",,Black / Blue,13.503,9
Wintec HMT351R7EFR8A-PBT8 4 GB,,"3,1600","1,4",,Black / Blue,13.75,11
Wintec HMT41GR7MFR8C-PBT8 8 GB,,"3,1600","1,8",,Black / Blue,13.75,11
Wintec HMT41GV7AFR8C-RDT8 8 GB,,"3,1600","1,8",,Black / Blue,13.75,11
Wintec HMT42GR7MFR4C-H9T3 16 GB,,"3,1333","1,16",,Black / Blue,13.503,9
Wintec HMT42GR7MFR4C-PB 16 GB,,"3,1600","1,16",,Black / Blue,13.75,11
Apotop S3A4Gx1-13C9EB 4 GB,,"3,1333","1,4",,Black / Green,13.503,9
Apotop U3A8Gx2-16CACB 16 GB,,"3,1600","2,8",,Black / Purple,12.5,10
TEAMGROUP Elite 4 GB,,"3,1333","2,2",,Black / Silver,13.503,9
TEAMGROUP Vulcan Gold 16 GB,,"3,2133","2,8",,Gold,10.314,11
Apotop L3A4Gx1-16CBDA 4 GB,,"3,1600","1,4",,Black / Red,13.75,11
Apotop L3A4Gx2-16CBDA 8 GB,,"3,1600","2,4",,Black / Red,13.75,11
Apotop U3A4Gx2-16C9BB 8 GB,,"3,1600","2,4",,Black / Purple,11.25,9
Apotop U3A4Gx2-16CACB 8 GB,,"3,1600","2,4",,Black / Purple,12.5,10
Apotop U3A8Gx2-16C9AB 16 GB,,"3,1600","2,8",,Black / Purple,11.25,9
Apotop U3A8Gx2-16C9BB 16 GB,,"3,1600","2,8",,Black / Purple,11.25,9
Apotop U3A8Gx2-18C9AB 16 GB,,"3,1866","2,8",,Black / Purple,9.646,9
Apotop U3A8Gx2-21C9AC 16 GB,,"3,2133","2,8",,Black / Purple,8.439,9
Apotop U3A8Gx4-16C9AB 32 GB,,"3,1600","4,8",,Black / Purple,11.25,9
Apotop U3A8Gx4-16C9BB 32 GB,,"3,1600","4,8",,Black / Purple,11.25,9
Apotop U3A8Gx4-18C9AB 32 GB,,"3,1866","4,8",,Black / Purple,9.646,9
Apotop U3A8Gx4-21C9AC 32 GB,,"3,2133","4,8",,Black / Purple,8.439,9
Apotop U3A2Gx2-16C9BB 4 GB,,"3,1600","2,2",,Black / Purple,11.25,9
Crucial Ballistix 16 GB,,"3,1866","2,8",,Black / White,9.646,9
Crucial Ballistix Elite 16 GB,,"3,1600","4,4",,Black / White,10,8
Crucial Ballistix Sport 4 GB,,"3,1600","2,2",,Black / Silver,11.25,9
Crucial Ballistix Sport 32 GB,,"3,1600","4,8",,Black / Silver,11.25,9
Crucial BLT2KIT4G3D1608DT1TX 8 GB,,"3,1600","2,4",,Black / Yellow,10,8
Crucial Ballistix Tactical Tracer 8 GB,,"3,1600","2,4",,Black / Silver,10,8
Crucial Ballistix Tactical Tracer 8 GB,,"3,1600","2,4",,Black / Silver,10,8
Crucial Ballistix 8 GB,,"3,1866","2,4",,Black / Yellow,9.646,9
Crucial Ballistix Tactical Tracer 8 GB,,"3,1866","2,4",,Black / Silver,9.646,9
Crucial Ballistix 16 GB,,"3,1600","2,8",,Black / Yellow,10,8
Crucial Ballistix Tactical 16 GB,,"3,1866","2,8",,Black / Yellow,9.646,9
Crucial Ballistix 12 GB,,"3,1600","3,4",,Black / Yellow,10,8
Crucial Ballistix Tactical Tracer 12 GB,,"3,1600","3,4",,Black / Silver,10,8
Crucial Ballistix Tactical Tracer 12 GB,,"3,1600","3,4",,Black / Silver,10,8
Crucial Ballistix Tactical 32 GB,,"3,1600","4,8",,Black / Yellow,10,8
G.Skill Ripjaws Z 64 GB,,"3,1600","8,8",,Black / Red,12.5,10
G.Skill Ripjaws Z 32 GB,,"3,2133","8,4",,Black / Red,10.314,11
G.Skill Ripjaws Z 64 GB,,"3,2133","8,8",,Black / Red,10.314,11
G.Skill Ripjaws Z 32 GB,,"3,2133","4,8",,Black / Red,10.314,11
G.Skill Ripjaws Z 64 GB,,"3,2400","8,8",,Black / Blue,8.333,10
Mushkin 974136A 32 GB,,"3,1866","4,8",,Black / Green,13.934,13
Mushkin 974146A 64 GB,,"3,1866","4,16",,Black,13.934,13
TEAMGROUP Xtreem 16 GB,,"3,2666","2,8",,White / Blue,8.252,11
Corsair Vengeance Pro 16 GB,,"3,2133","2,8",,Black / Blue,10.314,11
Crucial Ballistix Tactical Tracer 8 GB,,"3,1866","2,4",,Black / Silver,9.646,9
Crucial Ballistix 8 GB,,"3,1600","2,4",,Black / Silver,10,8
Mushkin Proline 8 GB,,"3,1600","1,8",,Black / Green,13.75,11
Mushkin Proline 8 GB,41.8,"3,1333","1,8",5.225,Black / Green,13.503,9
Mushkin Proline 16 GB,,"3,1333","1,16",,Black / Green,10.503,7
Mushkin Proline 64 GB,,"3,1866","4,16",,Black / Green,13.934,13
Mushkin Proline 16 GB,,"3,1333","2,8",,Black / Green,13.503,9
TEAMGROUP Elite Plus 8 GB,,"3,1333","1,8",,Black / Gold,13.503,9
Wintec 3RSH186613R4H-16GK 16 GB,,"3,1866","2,8",,Black / Silver,13.934,13
Wintec 3RSH186613R4H-32GQ 32 GB,,"3,1866","4,8",,Black / Silver,13.934,13
Wintec 3RSH186613R5H-64GQ 64 GB,,"3,1866","4,16",,Black / Silver,13.934,13
Wintec 3RSH186613R5H-32GK 32 GB,,"3,1866","1,32",,Black / Silver,13.934,13
Wintec 3RSL160011R9H-16GK 16 GB,,"3,1600","2,8",,Black / Silver,13.75,11
Mushkin 992082 32 GB,91.87,"3,1333","1,32",2.871,Silver,13.503,9
TEAMGROUP Vulcan Orange 16 GB,,"3,2133","2,8",,Orange,10.314,11
Kingston KVR16LE11K4/32I 32 GB,,"3,1600","4,8",,Black / Green,13.75,11
G.Skill Ripjaws 4 GB,,"3,1600","2,2",,Black / Red,8.75,7
AMD ASH1333U/8GB 8 GB,,"3,1333","1,8",,Black / Green,13.503,9
Apotop U3A4Gx2-16CBWB 8 GB,,"3,1600","2,4",,White / Purple,13.75,11
Apotop U3A8Gx1-16CBWB 8 GB,,"3,1600","1,8",,White / Purple,13.75,11
Kingston KHX12800D3K2/4G 4 GB,,"3,1600","2,2",,Blue / Silver,11.25,9
Apotop U3A4Gx1-16CBWB 4 GB,,"3,1600","1,4",,White / Purple,13.75,11
Apotop U3A8Gx2-16CBWB 16 GB,,"3,1600","2,8",,White / Purple,13.75,11
Apotop U3A4Gx1-16C9GB 4 GB,,"3,1600","1,4",,Black / Gold,11.25,9
Apotop U3A4Gx2-18C9GB 8 GB,,"3,1866","2,4",,Black / Gold,9.646,9
Apotop U3A4Gx2-16C9GB 8 GB,,"3,1600","2,4",,Black / Gold,11.25,9
Apotop U3A4Gx2-18C9PB 8 GB,,"3,1866","2,4",,White / Purple,9.646,9
Apotop U3A4Gx2-21C9GC 8 GB,,"3,2133","2,4",,Black / Gold,8.439,9
Apotop U3A4Gx2-21C9PC 8 GB,,"3,2133","2,4",,White / Purple,8.439,9
Apotop U3A8Gx1-16C9GB 8 GB,,"3,1600","1,8",,Black / Gold,11.25,9
Apotop U3A8Gx2-18C9GB 16 GB,,"3,1866","2,8",,Black / Gold,9.646,9
Apotop U3A8Gx2-16C9GB 16 GB,,"3,1600","2,8",,Black / Gold,11.25,9
Apotop U3A8Gx2-18C9PB 16 GB,,"3,1866","2,8",,White / Purple,9.646,9
Apotop U3A8Gx2-21C9PC 16 GB,,"3,2133","2,8",,White / Purple,8.439,9
Crucial Ballistix Tactical 8 GB,,"3,1600","1,8",,Black / Silver,10,8
Wintec Server 64 GB,,"3,1333","4,16",,Silver,13.503,9
Corsair Vengeance Pro 16 GB,,"3,2400","4,4",,Black / Red,7.5,9
Patriot Viper Xtreme 4 GB,,"3,1600","1,4",,Black / Silver,13.75,11
Crucial Ballistix 8 GB,,"3,1866","2,4",,Black / Silver,9.646,9
Crucial Ballistix Tactical 12 GB,,"3,1600","3,4",,Black / Silver,10,8
Crucial Ballistix Sport 8 GB,,"3,1333","2,4",,Black / Silver,13.503,9
Crucial Ballistix Sport 6 GB,,"3,1600","3,2",,Black / Silver,11.25,9
Crucial Ballistix Sport 12 GB,,"3,1600","3,4",,Black / Silver,11.25,9
Crucial Ballistix Smart Tracer 16 GB,,"3,1600","2,8",,Black / Silver,10,8
Mushkin Blackline 32 GB,,"3,2133","4,8",,Black / White,10.314,11
Mushkin Blackline 16 GB,,"3,1866","2,8",,Black / White,11.79,11
Mushkin Blackline 8 GB,,"3,2133","2,4",,Black / White,9.376,10
Mushkin Blackline 16 GB,,"3,1600","2,8",,Black,11.25,9
Kingston KVR16E11S8/4HB 4 GB,,"3,1600","1,4",,Black / Green,13.75,11
Kingston KVR16LE11/8HB 8 GB,,"3,1600","1,8",,Black / Green,13.75,11
Mushkin Blackline 16 GB,,"3,1600","4,4",,Black / White,11.25,9
Mushkin Redline 32 GB,,"3,1866","4,8",,Black / White,10.718,10
Mushkin Blackline 32 GB,,"3,1600","4,8",,Black / White,11.25,9
Mushkin Blackline 32 GB,,"3,1866","4,8",,Black / White,11.79,11
Mushkin Redline 32 GB,,"3,1866","4,8",,Red / White,9.646,9
Mushkin Blackline 16 GB,,"3,2133","4,4",,Black / White,9.376,10
Mushkin Blackline 8 GB,,"3,1600","2,4",,Black / White,12.5,10
Mushkin Blackline 8 GB,,"3,1600","2,4",,Black / White,11.25,9
Mushkin Blackline 16 GB,,"3,1600","2,8",,Black / White,11.25,9
Mushkin Blackline 16 GB,,"3,1600","2,8",,Black / White,12.5,10
Mushkin Redline 16 GB,,"3,1866","2,8",,Red / White,10.718,10
Mushkin Redline 16 GB,,"3,1866","2,8",,Black / White,9.646,9
Mushkin Blackline 16 GB,,"3,2133","2,8",,Black / White,10.314,11
Mushkin Blackline 32 GB,,"3,1600","4,8",,Black / White,11.25,9
Mushkin Blackline 32 GB,,"3,2133","4,8",,Black / White,9.376,10
TEAMGROUP R-DIMM 4 GB,,"3,1600","1,4",,Black / Green,13.75,11
TEAMGROUP R-DIMM 8 GB,,"3,1333","1,8",,Black / Green,13.503,9
TEAMGROUP Elite 8 GB,,"3,1333","1,8",,Silver,13.503,9
TEAMGROUP Elite 8 GB,,"3,1600","1,8",,Silver,13.75,11
Mushkin Redline 16 GB,,"3,1866","4,4",,Black / White,9.646,9
Mushkin Redline 8 GB,,"3,1866","2,4",,Black / White,9.646,9
Kingston KVR16E11/8HB 8 GB,,"3,1600","1,8",,Black / Green,13.75,11
Mushkin Blackline 16 GB,,"3,2133","4,4",,Black / White,9.376,10
Mushkin Blackline 8 GB,,"3,2133","2,4",,Black / White,9.376,10
TEAMGROUP Vulcan Orange 8 GB,,"3,2133","2,4",,Orange,10.314,11
TEAMGROUP Vulcan 16 GB,,"3,2400","2,8",,Red,9.167,11
Kingston KVR16LR11D4/16HB 16 GB,,"3,1600","1,16",,Black / Green,13.75,11
Kingston KVR16LR11S4/8HB 8 GB,,"3,1600","1,8",,Black / Green,13.75,11
Kingston KVR16R11D4/16HB 16 GB,107.67,"3,1600","1,16",6.729,Black / Green,13.75,11
Kingston KVR16R11S4/8HB 8 GB,144.38,"3,1600","1,8",18.047,Black / Green,13.75,11
Patriot PSD34G1600L82S 4 GB,,"3,1600","1,4",,Black / Green,13.75,11
Wintec 3SH13339R5-8GR 8 GB,,"3,1333","1,8",,Black / Green,13.503,9
Corsair TW3X4G1333C9A 4 GB,,"3,1333","2,2",,Black / Blue,13.503,9
Kingston KVR16LE11S8/4HB 4 GB,,"3,1600","1,4",,Black / Green,13.75,11
TEAMGROUP R-DIMM 32 GB,,"3,1333","1,32",,Silver,13.503,9
ADATA ADDS1600W4G11-S 4 GB,21.82,"3,1600","1,4",5.455,Black / Green,13.75,11
Samsung M393B1G73DB0-YK0 8 GB,,"3,1600","1,8",,Black / Green,13.75,11
GeIL GPW38GB3000C13DC 8 GB,,"3,3000","2,4",,Black / White,8.667,13
Kingston HX321LS11IB2K2/8 8 GB,,"3,2133","1,8",,Black / Silver,10.314,11
Silicon Power SP008GXLYU16ANDA 8 GB,,"3,1600","2,4",,Red,11.25,9
Silicon Power SP008GXLYU21ANDA 8 GB,,"3,2133","2,4",,Red,10.314,11
Silicon Power SP008GXLYU24ANDA 8 GB,,"3,2400","2,4",,Red,9.167,11
Silicon Power SP016GXLYU16ANDA 16 GB,,"3,1600","2,8",,Red,11.25,9
Silicon Power SP016GXLYU18ANDA 16 GB,,"3,1866","2,8",,Red,9.646,9
Silicon Power SP016GXLYU21ANDA 16 GB,,"3,2133","2,8",,Red,10.314,11
Silicon Power SP016GXLYU24ANDA 16 GB,,"3,2400","2,8",,Red,9.167,11
G.Skill Sniper 16 GB,,"3,1600","2,8",,Black / Red,12.5,10
Corsair Vengeance 8 GB,,"3,1866","2,4",,Black,9.646,9
Pareema MD316D81610L1 8 GB,,"3,1600","1,8",,Black / Green,12.5,10
Pareema MD316D81610L2 16 GB,,"3,1600","2,8",,Black / Green,12.5,10
Pareema MD316D81610S1 8 GB,,"3,1600","1,8",,Black / Green,12.5,10
Pareema MD316D81610S2 16 GB,,"3,1600","2,8",,Black / Green,12.5,10
Pareema MD316D81611L1 8 GB,,"3,1600","1,8",,Black / Green,13.75,11
Pareema MD316D81611L2 16 GB,,"3,1600","2,8",,Black / Green,13.75,11
Mushkin Redline 16 GB,,"3,1600","4,4",,Red / White,8.75,7
Mushkin Blackline 16 GB,,"3,1600","4,4",,Black / White,10,8
Mushkin Redline 8 GB,,"3,1600","2,4",,Red / White,8.75,7
Mushkin Blackline 8 GB,,"3,1600","2,4",,Black / White,10,8
Klevv Genuine 8 GB,,"3,1866","2,4",,Black / Silver,9.646,9
Klevv Genuine 8 GB,,"3,2133","2,4",,Black / Silver,9.376,10
Klevv Genuine 8 GB,,"3,2666","2,4",,Black / Silver,9.002,12
Klevv Genuine 8 GB,,"3,2933","2,4",,Black / Silver,8.183,12
Klevv Neo 8 GB,,"3,1600","2,4",,Silver,11.25,9
Klevv Neo 8 GB,,"3,1866","2,4",,Silver,9.646,9
Klevv Neo 8 GB,,"3,2133","2,4",,Silver,9.376,10
Klevv Neo 8 GB,,"3,2400","2,4",,Silver,9.167,11
Klevv Neo 16 GB,,"3,1600","2,8",,Silver,11.25,9
Klevv Neo 16 GB,,"3,1866","2,8",,Silver,9.646,9
Klevv Neo 16 GB,,"3,2133","2,8",,Silver,9.376,10
Klevv Neo 16 GB,,"3,2400","2,8",,Silver,9.167,11
Klevv Urbane 8 GB,,"3,1600","2,4",,Silver,11.25,9
Klevv Urbane 8 GB,,"3,1866","2,4",,Silver,9.646,9
Klevv Urbane 8 GB,,"3,2133","2,4",,Silver,9.376,10
Klevv Urbane 8 GB,,"3,2400","2,4",,Silver,9.167,11
Klevv Urbane 8 GB,,"3,2666","2,4",,Silver,9.002,12
Klevv Urbane 8 GB,,"3,2933","2,4",,Silver,8.183,12
Klevv Urbane 16 GB,,"3,1600","2,8",,Silver,11.25,9
Klevv Urbane 16 GB,,"3,1866","2,8",,Silver,9.646,9
Klevv Urbane 16 GB,,"3,2133","2,8",,Silver,9.376,10
Klevv Urbane 16 GB,,"3,2400","2,8",,Silver,9.167,11
Klevv Urbane 16 GB,,"3,2666","2,8",,Silver,9.002,12
Klevv Genuine 16 GB,,"3,1600","4,4",,Black / Silver,11.25,9
Klevv Genuine 16 GB,,"3,1866","4,4",,Black / Silver,9.646,9
Klevv Genuine 16 GB,,"3,2133","4,4",,Black / Silver,9.376,10
Klevv Genuine 16 GB,,"3,2400","4,4",,Black / Silver,9.167,11
Klevv Genuine 16 GB,,"3,2666","4,4",,Black / Silver,9.002,12
Klevv Genuine 16 GB,,"3,2800","4,4",,Black / Silver,8.571,12
Klevv Genuine 16 GB,,"3,2933","4,4",,Black / Silver,8.183,12
Klevv Genuine 16 GB,,"3,1600","2,8",,Black / Silver,11.25,9
Klevv Genuine 16 GB,,"3,1866","2,8",,Black / Silver,9.646,9
Klevv Genuine 16 GB,,"3,2133","2,8",,Black / Silver,9.376,10
Klevv Genuine 16 GB,,"3,2400","2,8",,Black / Silver,9.167,11
Klevv Genuine 32 GB,,"3,1600","4,8",,Black / Silver,11.25,9
Klevv Genuine 32 GB,,"3,1866","4,8",,Black / Silver,9.646,9
Klevv Genuine 32 GB,,"3,2133","4,8",,Black / Silver,9.376,10
Klevv Genuine 32 GB,,"3,2400","4,8",,Black / Silver,9.167,11
Klevv Genuine 32 GB,,"3,2666","4,8",,Black / Silver,9.002,12
Klevv Neo 16 GB,,"3,1600","4,4",,Silver,11.25,9
Klevv Neo 16 GB,,"3,1866","4,4",,Silver,9.646,9
Klevv Neo 16 GB,,"3,2133","4,4",,Silver,9.376,10
Klevv Neo 16 GB,,"3,2400","4,4",,Silver,9.167,11
Klevv Neo 32 GB,,"3,1866","4,8",,Silver,9.646,9
Klevv Neo 8 GB,,"3,2133","2,4",,Silver,9.376,10
Klevv Neo 32 GB,,"3,2400","4,8",,Silver,9.167,11
Klevv Urbane 16 GB,,"3,1600","4,4",,Silver,11.25,9
Klevv Urbane 16 GB,,"3,2133","4,4",,Silver,9.376,10
Klevv Urbane 16 GB,,"3,2400","4,4",,Silver,9.167,11
Klevv Urbane 16 GB,,"3,2666","4,4",,Silver,9.002,12
Klevv Urbane 16 GB,,"3,2800","4,4",,Silver,8.571,12
Klevv Urbane 16 GB,,"3,2933","4,4",,Silver,8.183,12
Klevv Urbane 32 GB,,"3,1600","4,8",,Silver,11.25,9
Klevv Urbane 32 GB,,"3,1866","4,8",,Silver,9.646,9
Klevv Urbane 16 GB,,"3,2133","4,4",,Silver,9.376,10
Klevv Urbane 32 GB,,"3,2400","4,8",,Silver,9.167,11
Klevv Urbane 32 GB,,"3,2666","4,8",,Silver,9.002,12
Kingston HyperX Predator 8 GB,,"3,2666","2,4",,Black / Blue,8.252,11
Kingston KVR13LR9D4K3/48 48 GB,,"3,1333","3,16",,Black / Green,13.503,9
Kingston KVR18R13S8/4 4 GB,,"3,1866","1,4",,Black / Green,13.934,13
Kingston KVR18R13S8/4KF 4 GB,,"3,1866","1,4",,Black / Green,13.934,13
Mushkin Redline 16 GB,,"3,2400","2,8",,Red / White,8.333,10
Mushkin Redline 32 GB,,"3,2400","4,8",,Red / White,8.333,10
Kingston KVR16LE11K3/24 24 GB,,"3,1600","3,8",,Green,13.75,11
Mushkin Proline 8 GB,,"3,1333","1,8",,Green,10.503,7
Crucial CT16G3ERSLD41339 16 GB,28.99,"3,1333","1,16",1.812,Green,13.503,9
Crucial CT16G3ERSLQ41067 16 GB,,"3,1066","1,16",,Black,13.133,7
Crucial CT16G3ERSLQ81067 16 GB,,"3,1066","1,16",,Green,13.133,7
Crucial CT204872BB160B 16 GB,,"3,1600","1,16",,Green,13.75,11
Crucial CT2G3ERSLD81339 2 GB,,"3,1333","1,2",,Green,13.503,9
Crucial CT2G3ERSLS8160B 2 GB,,"3,1600","1,2",,Green,13.75,11
Crucial CT2G3ERVLS81339 2 GB,,"3,1333","1,2",,Green,13.503,9
Crucial CT2K4G3ERSLD8160B 8 GB,,"3,1600","2,4",,Green,13.75,11
Crucial CT2K8G3ERSLD4160B 16 GB,,"3,1600","2,8",,Green,13.75,11
Crucial CT2KIT102472BA160B 16 GB,,"3,1600","2,8",,Green,13.75,11
Crucial CT2KIT51272BB160B 8 GB,,"3,1600","2,4",,Green,13.75,11
Crucial CT2KIT51272BD160B 8 GB,,"3,1600","2,4",,Green,13.75,11
Crucial CT32G3ERSLQ41067 32 GB,,"3,1066","1,32",,Black,13.133,7
Crucial CT32G3ERSLQ41339 32 GB,,"3,1333","1,32",,Black,13.503,9
Crucial CT3K16G3ERSLD4160B 48 GB,,"3,1600","3,16",,Green,13.75,11
Crucial CT3K2G3ERSLS8160B 6 GB,,"3,1600","3,2",,Green,13.75,11
Crucial CT3K4G3ERSLD8160B 12 GB,,"3,1600","3,4",,Green,13.75,11
Crucial CT3K8G3ERSLD81339 24 GB,,"3,1333","3,8",,Green,13.503,9
Crucial CT3KIT102472BA160B 24 GB,,"3,1600","3,8",,Green,13.75,11
Crucial CT3KIT102472BD1339 24 GB,,"3,1333","3,8",,Green,13.503,9
Crucial CT3KIT51272BA1067 12 GB,,"3,1066","3,4",,Green,13.133,7
Crucial CT3KIT51272BD160B 12 GB,130.22,"3,1600","3,4",,Green,13.75,11
Crucial CT4G3ERSLD8160B 4 GB,,"3,1600","1,4",,Green,13.75,11
Crucial CT4G3ERSLS41339 4 GB,,"3,1333","1,4",,Green,13.503,9
Crucial CT4G3ERSLS4160B 4 GB,,"3,1600","1,4",,Green,13.75,11
Crucial CT4G3ERVDD8186D 4 GB,,"3,1866","1,4",,Green,13.934,13
Crucial CT51272BB160B 4 GB,,"3,1600","1,4",,Green,13.75,11
Crucial CT8G3ERSLD41339 8 GB,23.24,"3,1333","1,8",2.905,Green,13.503,9
Crucial CT8G3ERSLD8160B 8 GB,54.99,"3,1600","1,8",6.874,Green,13.75,11
Crucial CT8G3ERSLQ81067 8 GB,48.99,"3,1066","1,8",6.124,Green,13.133,7
Crucial CT8G3ERSLS41339 8 GB,,"3,1333","1,8",,Green,13.503,9
Crucial CT8G3ERSLS4160B 8 GB,24.99,"3,1600","1,8",3.124,Green,13.75,11
Kingston D1G72K111S 8 GB,,"3,1600","1,8",,Green,13.75,11
Kingston D1G72KL111S 8 GB,,"3,1600","1,8",,Green,13.75,11
Kingston D51272K110S 4 GB,,"3,1600","1,4",,Green,13.75,11
Kingston KFJ-PM316S8/4G 4 GB,,"3,1600","1,4",,Green,13.75,11
Kingston KTD-PE316S8/4G 4 GB,,"3,1600","1,4",,Green,13.75,11
Kingston KTH-PL316S8/4G 4 GB,23.99,"3,1600","1,4",5.997,Green,13.75,11
Kingston KVR18R13D4/16KF 16 GB,,"3,1866","1,16",,Green,13.934,13
Kingston KVR18R13D4K3/48 48 GB,,"3,1866","3,16",,Blue,13.934,13
Kingston KVR18R13D8/8 8 GB,,"3,1866","1,8",,Green,13.934,13
Kingston KVR18R13D8/8KF 8 GB,,"3,1866","1,8",,Green,13.934,13
Kingston KVR16R11S8/4EF 4 GB,64.66,"3,1600","1,4",16.165,Green,13.75,11
Kingston KVR16R11S8/4I 4 GB,28.99,"3,1600","1,4",7.247,Green,13.75,11
Kingston KVR16R11S8/4KF 4 GB,20.95,"3,1600","1,4",5.237,Green,13.75,11
Kingston KVR16R11S8K3/6 6 GB,,"3,1600","3,2",,Green,13.75,11
Kingston KVR16R11S8K4/16I 16 GB,,"3,1600","4,4",,Green,13.75,11
Kingston KVR18E13/8KF 8 GB,,"3,1866","1,8",,Green,13.934,13
Kingston KVR18R13D4/16 16 GB,91.93,"3,1866","1,16",5.746,Blue,13.934,13
Kingston KVR18R13S4/8 8 GB,,"3,1866","1,8",,Green,13.934,13
Kingston KVR18R13S4/8KF 8 GB,,"3,1866","1,8",,Green,13.934,13
Kingston KVR18R13S4K3/24 24 GB,,"3,1866","3,8",,Green,13.934,13
Kingston KVR18R13S4K4/32 32 GB,,"3,1866","4,8",,Green,13.934,13
Kingston KVR16LR11S8K4/16 16 GB,,"3,1600","4,4",,Green,13.75,11
Kingston KVR16LSE11/4KF 4 GB,,"3,1600","1,4",,Green,13.75,11
Kingston KVR16R11D4K4/32 32 GB,149,"3,1600","4,8",4.656,Green,13.75,11
Kingston KVR16R11D4K4/32I 32 GB,,"3,1600","4,8",,Green,13.75,11
Kingston KVR16R11D8/4 4 GB,,"3,1600","1,4",,Green,13.75,11
Kingston KVR16R11D8/4HC 4 GB,29.95,"3,1600","1,4",7.487,Green,13.75,11
Kingston KVR16R11D8/8I 8 GB,76.94,"3,1600","1,8",9.617,Green,13.75,11
Kingston KVR16R11D8L/8 8 GB,59.99,"3,1600","1,8",7.499,Green,13.75,11
Kingston KVR16R11S4/4 4 GB,,"3,1600","1,4",,Green,13.75,11
Kingston KVR16R11S4/8HA 8 GB,,"3,1600","1,8",,Green,13.75,11
Kingston KVR16R11S4K3/24 24 GB,,"3,1600","3,8",,Green,13.75,11
Kingston KVR16R11S4K4/16 16 GB,,"3,1600","4,4",,Green,13.75,11
Kingston KVR16R11S4K4/32I 32 GB,,"3,1600","4,8",,Green,13.75,11
Kingston KVR16R11S8/4 4 GB,19.5,"3,1600","1,4",4.875,Green,13.75,11
Kingston KVR16R11D8/8KF 8 GB,57.98,"3,1600","1,8",7.247,Green,13.75,11
Kingston KVR16R11D8K4/32I 32 GB,230.64,"3,1600","4,8",,Green,13.75,11
Kingston KVR16R11S4/4HE 4 GB,,"3,1600","1,4",,Green,13.75,11
Kingston KVR16R11S4/8I 8 GB,42.74,"3,1600","1,8",5.343,Green,13.75,11
Kingston KVR16R11S8/2 2 GB,,"3,1600","1,2",,Green,13.75,11
Kingston KVR16R11S4/8 8 GB,47.8,"3,1600","1,8",5.975,Green,13.75,11
Kingston KVR16R11D8K4/16 16 GB,,"3,1600","4,4",,Green,13.75,11
Kingston KVR16R11D4/8HE 8 GB,,"3,1600","1,8",,Green,13.75,11
Kingston KVR16R11D4/8HC 8 GB,29.44,"3,1600","1,8",3.68,Green,13.75,11
Kingston KVR16R11D4/8 8 GB,18.97,"3,1600","1,8",2.371,Green,13.75,11
Kingston KVR16LSE11/8KF 8 GB,,"3,1600","1,8",,Green,13.75,11
Kingston KVR16LSE11/8 8 GB,47,"3,1600","1,8",5.875,Green,13.75,11
Kingston KVR16LR11S8K3/12 12 GB,,"3,1600","3,4",,Green,13.75,11
Kingston KVR16LR11S8/4I 4 GB,,"3,1600","1,4",,Green,13.75,11
Kingston KVR16LR11S8/4EF 4 GB,,"3,1600","1,4",,Green,13.75,11
Kingston KVR16LR11S8/4 4 GB,56.38,"3,1600","1,4",14.095,Green,13.75,11
Kingston KVR16LR11S4L/8 8 GB,,"3,1600","1,8",,Green,13.75,11
Kingston KVR16LR11S4K4/32I 32 GB,,"3,1600","4,8",,Green,13.75,11
Kingston KVR16LR11S4/8I 8 GB,,"3,1600","1,8",,Green,13.75,11
Kingston KVR16LR11S4/8 8 GB,,"3,1600","1,8",,Green,13.75,11
Kingston KVR16LR11D8K4/32I 32 GB,199.99,"3,1600","4,8",6.25,Green,13.75,11
Kingston KVR16LR11D8K4/32 32 GB,,"3,1600","4,8",,Green,13.75,11
Kingston KVR16LR11D8K3/24I 24 GB,,"3,1600","3,8",,Green,13.75,11
Kingston KVR16LR11D8K3/24 24 GB,,"3,1600","3,8",,Green,13.75,11
Kingston KVR16LR11D8/8KF 8 GB,,"3,1600","1,8",,Green,13.75,11
Kingston KVR16LR11D8/8I 8 GB,,"3,1600","1,8",,Green,13.75,11
Kingston KVR16LR11D8/8 8 GB,,"3,1600","1,8",,Green,13.75,11
Kingston KVR16LR11D4L/16 16 GB,,"3,1600","1,16",,Green,13.75,11
Kingston KVR16LR11D4K3/48 48 GB,,"3,1600","3,16",,Green,13.75,11
Kingston KVR16LR11D4/8 8 GB,,"3,1600","1,8",,Green,13.75,11
Kingston KVR16LR11D4/16I 16 GB,,"3,1600","1,16",,Green,13.75,11
Kingston KVR16LR11D4/16 16 GB,22.55,"3,1600","1,16",1.409,Green,13.75,11
Kingston KVR16LL11Q4/32 32 GB,,"3,1600","1,32",,White,13.75,11
Kingston KVR16LE11S8/4KF 4 GB,32.58,"3,1600","1,4",8.145,Green,13.75,11
Kingston KVR16LE11S8/4I 4 GB,,"3,1600","1,4",,Green,13.75,11
Kingston KVR16LE11S8/4EF 4 GB,,"3,1600","1,4",,Green,13.75,11
Kingston KVR16LE11S8/4 4 GB,45.43,"3,1600","1,4",11.357,Green,13.75,11
Kingston KVR16LE11L/8 8 GB,58.88,"3,1600","1,8",7.36,Green,13.75,11
Kingston KTL-TS316S/8G 8 GB,,"3,1600","1,8",,Green,13.75,11
Kingston KTM-SX316ES/4G 4 GB,,"3,1600","1,4",,Green,13.75,11
Kingston KTM-SX316LLVS/8G 8 GB,,"3,1600","1,8",,Green,13.75,11
Kingston KTM-SX316S8/4G 4 GB,,"3,1600","1,4",,Green,13.75,11
Kingston KTM-SX316S/8G 8 GB,54.37,"3,1600","1,8",6.796,Green,13.75,11
Kingston ValueRAM 4 GB,,"3,1066","1,4",,Green,13.133,7
Kingston KVR1066D3S8E7S/2G 2 GB,19.98,"3,1066","1,2",9.99,Green,13.133,7
Kingston KVR1333D3D4R9S/4GED 4 GB,29.08,"3,1333","1,4",7.27,Green,13.503,9
Kingston KVR1333D3D4R9S/8G 8 GB,39.9,"3,1333","1,8",4.987,Green,13.503,9
Kingston KVR1333D3D4R9SK2/16G 16 GB,74.5,"3,1333","2,8",4.656,Green,13.503,9
Kingston KVR1333D3D8R9S/4G 4 GB,,"3,1333","1,4",,Green,13.503,9
Kingston KVR1333D3D8R9SK2/8G 8 GB,,"3,1333","2,4",,Green,13.503,9
Kingston KVR1333D3D8R9SL/4G 4 GB,,"3,1333","1,4",,Green,13.503,9
Kingston KVR1333D3E9S/8G 8 GB,39.07,"3,1333","1,8",4.884,Green,13.503,9
Kingston KVR1333D3E9SK2/8G 8 GB,29.37,"3,1333","2,4",3.671,Green,13.503,9
Kingston KVR1333D3E9SK3/12G 12 GB,,"3,1333","3,4",,Green,13.503,9
Kingston KVR1333D3E9SK3/24G 24 GB,104.99,"3,1333","3,8",4.375,Green,13.503,9
Kingston KVR1333D3LD8R9S/4G 4 GB,,"3,1333","1,4",,Green,13.503,9
Kingston KVR1333D3LQ8R9S/8G 8 GB,,"3,1333","1,8",,Green,13.503,9
Kingston KVR1333D3Q8R9S/8G 8 GB,28.95,"3,1333","1,8",3.619,Green,13.503,9
Kingston KVR1333D3S4R9S/4G 4 GB,,"3,1333","1,4",,Green,13.503,9
Kingston KVR1333D3S8R9S/2G 2 GB,11.99,"3,1333","1,2",5.995,Green,13.503,9
Kingston KVR13E9/2I 2 GB,43.61,"3,1333","1,2",21.805,Green,13.503,9
Kingston KVR13E9/4I 4 GB,28.99,"3,1333","1,4",7.247,Green,13.503,9
Kingston KVR13E9/8I 8 GB,60.97,"3,1333","1,8",7.621,Green,13.503,9
Kingston KVR13E9K2/16I 16 GB,,"3,1333","2,8",,Green,13.503,9
Kingston KVR13E9K3/24I 24 GB,,"3,1333","3,8",,Green,13.503,9
Kingston KVR13LE9S8/4 4 GB,,"3,1333","1,4",,Green,13.503,9
Kingston KVR13LE9S8/4EF 4 GB,28.99,"3,1333","1,4",7.247,Green,13.503,9
Kingston KVR13LL9Q4/32I 32 GB,,"3,1333","1,32",,White,13.503,9
Kingston KVR13LR9D4/16 16 GB,39.99,"3,1333","1,16",2.499,Green,13.503,9
Kingston KVR13LR9D4/16HA 16 GB,48.99,"3,1333","1,16",3.062,Green,13.503,9
Kingston KVR13LR9D4/16I 16 GB,43.83,"3,1333","1,16",2.739,Green,13.503,9
Kingston KVR13LR9D4/8HE 8 GB,,"3,1333","1,8",,Green,13.503,9
Kingston KVR13LR9D4/8I 8 GB,,"3,1333","1,8",,Green,13.503,9
Kingston KVR13LR9D4K3/48I 48 GB,,"3,1333","3,16",,Green,13.503,9
Kingston KVR13LR9D4K4/64I 64 GB,,"3,1333","4,16",,Green,13.503,9
Kingston KVR13LR9D8/8 8 GB,,"3,1333","1,8",,Green,13.503,9
Kingston KVR13LR9D8/8EF 8 GB,,"3,1333","1,8",,Green,13.503,9
Kingston KVR13LR9D8K3/12 12 GB,,"3,1333","3,4",,Green,13.503,9
Kingston KVR13LR9D8K4/16 16 GB,,"3,1333","4,4",,Green,13.503,9
Kingston KVR13LR9Q4/32 32 GB,,"3,1333","1,32",,Beige,13.503,9
Kingston KVR13LR9Q8/16 16 GB,,"3,1333","1,16",,Green,13.503,9
Kingston KVR13LR9Q8/16EF 16 GB,,"3,1333","1,16",,Green,13.503,9
Kingston KVR13LR9S4/4 4 GB,,"3,1333","1,4",,Green,13.503,9
Kingston KVR13LR9S4/8 8 GB,24.99,"3,1333","1,8",3.124,Green,13.503,9
Kingston KVR13LR9S4/8HA 8 GB,28.99,"3,1333","1,8",3.624,Green,13.503,9
Kingston KVR13LR9S4K4/16 16 GB,,"3,1333","4,4",,Green,13.503,9
Kingston KVR13LR9S4L/8 8 GB,,"3,1333","1,8",,Green,13.503,9
Kingston KVR13LR9S8/2 2 GB,,"3,1333","1,2",,Green,13.503,9
Kingston KVR13LR9S8/4 4 GB,,"3,1333","1,4",,Green,13.503,9
Kingston KVR13LR9S8/4EF 4 GB,,"3,1333","1,4",,Green,13.503,9
Kingston KVR13LR9S8K4/8 8 GB,,"3,1333","4,2",,Green,13.503,9
Kingston KVR13LSE9/8 8 GB,120,"3,1333","1,8",15,Green,13.503,9
Kingston KVR13LSE9S8/4 4 GB,,"3,1333","1,4",,Green,13.503,9
Kingston KVR13R9D4/16 16 GB,32.93,"3,1333","1,16",2.058,Green,13.503,9
Kingston KVR13R9D4/16I 16 GB,44.99,"3,1333","1,16",2.812,Green,13.503,9
Kingston KVR13R9D4/8I 8 GB,44.6,"3,1333","1,8",5.575,Green,13.503,9
Kingston KVR13R9D4K2/32I 32 GB,,"3,1333","2,16",,Green,13.503,9
Kingston KVR13R9D4K3/48 48 GB,98.99,"3,1333","3,16",2.062,Green,13.503,9
Kingston KVR13R9D4K3/48I 48 GB,98.99,"3,1333","3,16",2.062,Green,13.503,9
Kingston KVR13R9D4K4/64 64 GB,,"3,1333","4,16",,Green,13.503,9
Kingston KVR13R9D4K4/64I 64 GB,,"3,1333","4,16",,Green,13.503,9
Kingston KVR13R9D8/8 8 GB,59.81,"3,1333","1,8",7.476,Green,13.503,9
Kingston KVR13R9S4/4I 4 GB,15.33,"3,1333","1,4",3.833,Green,13.503,9
Kingston KVR13R9S4L/8 8 GB,,"3,1333","1,8",,Green,13.503,9
Kingston KVR16E11/2 2 GB,,"3,1600","1,2",,Green,13.75,11
Kingston KVR16E11/4 4 GB,29.93,"3,1600","1,4",7.482,Green,13.75,11
Kingston KVR16E11/8EF 8 GB,,"3,1600","1,8",,Green,13.75,11
Kingston KVR16E11/8I 8 GB,45,"3,1600","1,8",5.625,Green,13.75,11
Kingston KVR16E11K3/24 24 GB,,"3,1600","3,8",,Green,13.75,11
Kingston KVR16E11K4/32I 32 GB,,"3,1600","4,8",,Green,13.75,11
Kingston KVR16E11S8/4EF 4 GB,,"3,1600","1,4",,Green,13.75,11
Kingston KVR16LE11/8EF 8 GB,,"3,1600","1,8",,Green,13.75,11
Kingston KVR16LE11L/4 4 GB,,"3,1600","1,4",,Green,13.75,11
Mushkin Proline 8 GB,,"3,1066","1,8",,Silver,13.133,7
Mushkin Proline 8 GB,29.78,"3,1333","1,8",3.723,Silver,13.503,9
Mushkin Proline 16 GB,,"3,1066","1,16",,Green,13.133,7
Mushkin Proline 16 GB,73.67,"3,1333","1,16",4.604,Green,13.503,9
Mushkin Proline 16 GB,47.23,"3,1333","1,16",2.952,Blue,13.503,9
Mushkin Proline 16 GB,,"3,1600","1,16",,Green,13.75,11
Mushkin Proline 32 GB,,"3,1066","1,32",,Green,13.133,7
Mushkin Proline 4 GB,,"3,1866","1,4",,Green,13.934,13
Mushkin Proline 8 GB,47.99,"3,1866","1,8",5.999,Green,13.934,13
Crucial CT102472BD1339 8 GB,34.99,"3,1333","1,8",4.374,Green,13.503,9
Crucial CT2K4G3ERSLD81339 8 GB,,"3,1333","2,4",,Green,13.503,9
Crucial CT2K4G3ERVLD81339 8 GB,,"3,1333","2,4",,Green,13.503,9
Crucial CT2K8G3ERSLD41339 16 GB,,"3,1333","2,8",,Green,13.503,9
Crucial CT2K8G3ERSLD81339 16 GB,,"3,1333","2,8",,Green,13.503,9
Crucial CT2KIT25672BD1339 4 GB,,"3,1333","2,2",,Green,13.503,9
Crucial CT2KIT51272BD1339 8 GB,,"3,1333","2,4",,Green,13.503,9
Crucial CT3K16G3ERSLD41339 48 GB,,"3,1333","3,16",,Green,13.503,9
Crucial CT3K2G3ERSLD81339 6 GB,,"3,1333","3,2",,Green,13.503,9
Crucial CT3K4G3ERSLD81339 12 GB,,"3,1333","3,4",,Green,13.503,9
Crucial CT3K4G3ERVLD81339 12 GB,,"3,1333","3,4",,Green,13.503,9
Crucial CT3KIT51272BD1339 12 GB,,"3,1333","3,4",,Green,13.503,9
Crucial CT4G3ERSLD81339 4 GB,,"3,1333","1,4",,Green,13.503,9
Crucial CT4G3ERVLD81339 4 GB,,"3,1333","1,4",,Green,13.503,9
Crucial CT51272BD1339 4 GB,,"3,1333","1,4",,Green,13.503,9
Crucial CT51272BV1339 4 GB,,"3,1333","1,4",,Green,13.503,9
Crucial CT8G3ERSLD81339 8 GB,,"3,1333","1,8",,Green,13.503,9
Mushkin Stealth 4 GB,,"3,1600","1,4",,Black / Yellow,11.25,9
Mushkin Essentials 8 GB,17.36,"3,1600","1,8",2.17,Black / Green,13.75,11
Mushkin Stealth 8 GB,,"3,1600","1,8",,Black / Yellow,11.25,9
Avexir Raiden 16 GB,,"3,1600","2,8",,Black / Blue,12.5,10
Avexir Core 4 GB,,"3,1600","1,4",,Black / Red,13.75,11
Avexir Core 4 GB,,"3,1600","1,4",,Black / Blue,13.75,11
Avexir Core 8 GB,,"3,1600","2,4",,Black / Red,13.75,11
Avexir Core 16 GB,,"3,1600","2,8",,Black / Blue,13.75,11
Avexir Raiden 8 GB,,"3,2133","2,4",,White / Blue,8.439,9
Avexir Raiden 16 GB,,"3,2133","2,8",,White / Blue,8.439,9
Avexir Core 8 GB,,"3,2400","2,4",,Black / Blue,9.167,11
Avexir Core 8 GB,,"3,2400","2,4",,Black / Red,9.167,11
Avexir Core 8 GB,,"3,2400","2,4",,Black / White,9.167,11
Avexir Core 16 GB,,"3,2400","2,8",,Black / Red,9.167,11
Avexir Core 16 GB,,"3,2400","2,8",,Black / White,9.167,11
Avexir Core 8 GB,,"3,1600","1,8",,Black / Blue,13.75,11
Avexir Core 16 GB,,"3,2133","2,8",,Black / Blue,10.314,11
Avexir Raiden 8 GB,,"3,1600","2,4",,White / Blue,11.25,9
Avexir Core 16 GB,,"3,1600","2,8",,Black / Red,12.5,10
Avexir Core 8 GB,,"3,1866","2,4",,Black / Red,9.646,9
Avexir Core 16 GB,,"3,1866","2,8",,Black / Blue,9.646,9
Avexir Core 16 GB,,"3,1866","2,8",,Black / Red,9.646,9
Avexir Core 8 GB,,"3,2133","2,4",,Black / Red,10.314,11
Avexir Core 16 GB,,"3,2133","2,8",,Black / Red,10.314,11
Avexir Blitz 8 GB,,"3,2400","2,4",,Green / Silver,8.333,10
Avexir Blitz 8 GB,,"3,2400","2,4",,Black / White,8.333,10
Avexir Blitz 8 GB,,"3,1600","2,4",,Black / Red,11.25,9
Avexir Blitz 16 GB,,"3,1600","2,8",,Black / Red,11.25,9
Avexir Blitz 1.1 8 GB,,"3,1866","2,4",,Black / Red,11.79,11
Avexir Blitz 1.1 8 GB,,"3,2933","2,4",,Black / Red,8.183,12
Kingston D1G72L131 8 GB,,"3,1600","1,8",,Black / Green,13.75,11
Kingston KVR16R11S8K4/16 16 GB,,"3,1600","4,4",,Black / Green,13.75,11
ADATA Premier 16 GB,,"3,1600","2,8",,Black / Green,13.75,11
Kingston HX318LS11IB/4 4 GB,,"3,1866","1,4",,Black / White,11.79,11
Kingston HX318LS11IB/8 8 GB,,"3,1866","1,8",,Black / White,11.79,11
Kingston HX318LS11IBK2/16 16 GB,,"3,1866","2,8",,Black / White,11.79,11
Kingston HX318LS11IBK2/8 8 GB,,"3,1866","2,4",,Black / White,11.79,11
TEAMGROUP Dark 8 GB,,"3,1600","1,8",,Blue,11.25,9
TEAMGROUP Dark 8 GB,,"3,1600","1,8",,Black,11.25,9
TEAMGROUP Dark 8 GB,,"3,1600","2,4",,Black,11.25,9
TEAMGROUP Dark 8 GB,,"3,1600","1,8",,Red,11.25,9
TEAMGROUP Dark 8 GB,,"3,1600","2,4",,Red,11.25,9
TEAMGROUP Vulcan 16 GB,,"3,1600","2,8",,Orange,12.5,10
TEAMGROUP Vulcan 8 GB,,"3,1600","2,4",,Orange,11.25,9
TEAMGROUP Vulcan 16 GB,,"3,1600","2,8",,Red,11.25,9
TEAMGROUP Vulcan 8 GB,,"3,1600","2,4",,Red,11.25,9
TEAMGROUP Vulcan 16 GB,,"3,1600","2,8",,Yellow,12.5,10
TEAMGROUP Vulcan 8 GB,,"3,1600","2,4",,Yellow,11.25,9
Mushkin Redline 32 GB,,"3,2133","4,8",,Red,8.439,9
Mushkin Redline 16 GB,,"3,2133","2,8",,Red,8.439,9
Avexir Blitz1.1 8 GB,,"3,2133","2,4",,Black / Yellow,8.439,9
Avexir Blitz1.1 8 GB,,"3,1866","2,4",,Black / Red,9.646,9
Avexir Blitz1.1 8 GB,,"3,1866","2,4",,Black / Yellow,9.646,9
Avexir Blitz1.1 16 GB,,"3,1866","2,8",,Black / Red,9.646,9
Avexir Blitz1.1 16 GB,,"3,1866","2,8",,Black / Yellow,9.646,9
Avexir Blitz 1.1 16 GB,,"3,1866","2,8",,Black / Red,11.79,11
Wintec Server 16 GB,,"3,1600","2,8",,Black / Green,13.75,11
EVGA Superclocked 8 GB,,"3,1866","2,4",,Black,9.646,9
EVGA SSC 8 GB,,"3,2133","2,4",,Black,10.314,11
EVGA SSC 8 GB,,"3,2400","2,4",,Black,9.167,11
EVGA SSC 16 GB,,"3,2133","2,8",,Black,10.314,11
Patriot Viper 4 GB,,"3,1866","1,4",,Black / Green,9.646,9
Corsair CM3X8GSDKIT1066 8 GB,,"3,1066","2,4",,Black / Green,16.886,9
Corsair CMV2GX3M1C1600C11 2 GB,,"3,1600","1,2",,Black / Green,13.75,11
Kingston HX321LS11IB2/4 4 GB,,"3,2133","1,4",,Black / Silver,10.314,11
Kingston KVR16LR11S8/4HB 4 GB,51.88,"3,1600","1,4",12.97,Black / Green,13.75,11
Kingston KVR16LSE11/4HB 4 GB,,"3,1600","1,4",,Black / Green,13.75,11
Kingston KVR16LSE11/8HB 8 GB,,"3,1600","1,8",,Black / Green,13.75,11
Kingston KVR16R11S8/4HB 4 GB,19.98,"3,1600","1,4",4.995,Black / Green,13.75,11
Patriot Viper 8 GB,,"3,2400","2,4",,Black,8.333,10
Mushkin Blackline 8 GB,,"3,2666","2,4",,Black / Green,9.002,12
Crucial CT25664BA160BA 2 GB,,"3,1600","1,2",,Black / Green,13.75,11
Crucial BLT2KIT4G3D1608DT1TX0 8 GB,,"3,1600","2,4",,Black / Yellow,10,8
Crucial CT4G3ERVLD8160B 4 GB,,"3,1600","1,4",,Black / Green,13.75,11
Kingston HX321LS11IB2/8 8 GB,,"3,2133","1,8",,Black / Silver,10.314,11
Kingston KVR16LE11K3/24I 24 GB,,"3,1600","3,8",,Black / Green,13.75,11
Kingston KVR16LE11K4/32 32 GB,,"3,1600","4,8",,Black / Green,13.75,11
Kingston KVR16R11D8/8HB 8 GB,,"3,1600","1,8",,Black / Green,13.75,11
Mushkin ECO2 4 GB,,"3,1600","1,4",,Black / Silver,11.25,9
Mushkin ECO2 8 GB,,"3,1600","1,8",,Black / Silver,11.25,9
Mushkin ECO2 32 GB,,"3,1600","4,8",,Black / Silver,11.25,9
Mushkin ECO2 8 GB,,"3,1600","2,4",,Black / Silver,11.25,9
Mushkin ECO2 16 GB,,"3,1600","2,8",,Black / Silver,11.25,9
TEAMGROUP Dark 16 GB,,"3,1600","2,8",,Red / Silver,11.25,9
Toshiba PA5104U-1M4G 4 GB,,"3,1600","1,4",,Black / Blue,13.75,11
Avexir Notebook 4 GB,,"3,1600","1,4",,Black / Green,11.25,9
Avexir Notebook 8 GB,,"3,1600","1,8",,Black / Green,11.25,9
Avexir Notebook 4 GB,,"3,2133","1,4",,Black / Green,10.314,11
Avexir Notebook 8 GB,,"3,2133","1,8",,Black / Green,10.314,11
Avexir Blitz1.1 8 GB,,"3,1866","2,4",,Black / Yellow,9.646,9
Avexir Blitz1.1 16 GB,,"3,1866","2,8",,Black / Yellow,9.646,9
PNY Anarchy 16 GB,,"3,2400","2,8",,Black / Red,9.167,11
PNY Anarchy 8 GB,,"3,2400","2,4",,Black / Red,9.167,11
PNY Anarchy 8 GB,107.27,"3,2800","2,4",,Black / Red,8.571,12
PNY Anarchy 8 GB,,"3,2933","2,4",,Black / Red,8.183,12
Kingston KVR16LR11D4K3/48I 48 GB,,"3,1600","3,16",,Black / Green,13.75,11
Kingston KVR16R11S8K3/12I 12 GB,,"3,1600","3,4",,Black / Green,13.75,11
Mushkin ECO2 16 GB,,"3,1600","4,4",,Black / Green,11.25,9
PNY Anarchy 16 GB,,"3,1600","2,8",,Black / Blue,11.25,9
PNY Anarchy 16 GB,,"3,1600","2,8",,Black / Red,11.25,9
PNY Anarchy 16 GB,,"3,1866","2,8",,Black / Red,10.718,10
PNY Anarchy 16 GB,,"3,2133","2,8",,Black / Blue,9.376,10
PNY Anarchy 16 GB,,"3,2133","2,8",,Black / Red,9.376,10
PNY Anarchy X 16 GB,,"3,2400","2,8",,Black / Blue,9.167,11
PNY Anarchy X 16 GB,,"3,2666","2,8",,Black / Blue,9.002,12
PNY Anarchy 16 GB,,"3,1866","4,4",,Black / Blue,10.718,10
PNY Anarchy 16 GB,,"3,1866","4,4",,Black / Red,10.718,10
PNY Anarchy 16 GB,,"3,2133","4,4",,Black / Blue,9.376,10
PNY Anarchy 16 GB,,"3,2133","4,4",,Black / Red,9.376,10
PNY Anarchy X 16 GB,,"3,2400","4,4",,Black / Blue,9.167,11
PNY Anarchy X 16 GB,,"3,2400","4,4",,Black / Red,9.167,11
PNY Anarchy X 16 GB,,"3,2666","4,4",,Black / Blue,9.002,12
PNY Anarchy X 16 GB,,"3,2666","4,4",,Black / Red,9.002,12
PNY Anarchy X 16 GB,,"3,2800","4,4",,Black / Blue,8.571,12
PNY Anarchy X 16 GB,,"3,2800","4,4",,Black / Red,8.571,12
PNY Anarchy X 16 GB,,"3,2933","4,4",,Black / Blue,8.183,12
PNY Anarchy X 16 GB,,"3,2933","4,4",,Black / Red,8.183,12
PNY Anarchy 32 GB,,"3,2133","4,8",,Black / Blue,9.376,10
PNY Anarchy X 32 GB,,"3,2400","4,8",,Black / Blue,9.167,11
PNY Anarchy X 32 GB,,"3,2400","4,8",,Black / Red,9.167,11
PNY Anarchy 4 GB,,"3,1600","1,4",,Black / Blue,11.25,9
PNY Anarchy 4 GB,,"3,1600","1,4",,Black / Red,11.25,9
PNY Anarchy 4 GB,,"3,1866","1,4",,Black / Blue,10.718,10
PNY Anarchy 4 GB,,"3,1866","1,4",,Black / Red,10.718,10
PNY Anarchy 8 GB,,"3,1600","2,4",,Black / Blue,11.25,9
PNY Anarchy 8 GB,,"3,1600","2,4",,Black / Red,11.25,9
PNY Anarchy 8 GB,,"3,1866","2,4",,Black / Blue,10.718,10
PNY Anarchy 8 GB,,"3,1866","2,4",,Black / Red,10.718,10
PNY Anarchy 8 GB,,"3,2133","2,4",,Black / Blue,9.376,10
PNY Anarchy X 8 GB,,"3,2400","2,4",,Black / Blue,9.167,11
PNY Anarchy X 8 GB,,"3,2800","2,4",,Black / Red,8.571,12
PNY Anarchy X 8 GB,,"3,2933","2,4",,Black / Blue,8.183,12
PNY Anarchy 8 GB,,"3,1600","1,8",,Black / Blue,11.25,9
PNY Anarchy 8 GB,,"3,1866","1,8",,Black / Blue,10.718,10
PNY Anarchy 8 GB,,"3,1866","1,8",,Black / Red,10.718,10
Corsair Vengeance LP 4 GB,,"3,1600","1,4",,Black / Yellow,13.75,11
Corsair Vengeance LP 8 GB,,"3,1600","1,8",,Black / Yellow,13.75,11
Corsair Vengeance LP 8 GB,,"3,1600","1,8",,Red,13.75,11
Corsair Vengeance Pro 16 GB,,"3,1600","2,8",,Black / Silver,13.75,11
Corsair Vengeance Pro 16 GB,,"3,1600","2,8",,Black / Red,13.75,11
Corsair Vengeance Pro 8 GB,,"3,1600","2,4",,Black / Silver,13.75,11
Corsair Vengeance Pro 8 GB,,"3,1600","2,4",,Black / Red,13.75,11
Avexir Blitz1.1 8 GB,,"3,1600","2,4",,Green / Silver,11.25,9
Avexir Blitz1.1 8 GB,,"3,1600","2,4",,Red / Silver,11.25,9
Avexir Blitz1.1 8 GB,,"3,1600","2,4",,Black / White,11.25,9
Avexir Blitz1.1 16 GB,,"3,1600","2,8",,Green / Silver,12.5,10
Avexir Blitz1.1 16 GB,,"3,1600","2,8",,Red / Silver,12.5,10
Avexir Blitz1.1 16 GB,,"3,1600","2,8",,Black / White,12.5,10
Avexir Blitz1.1 8 GB,,"3,1866","2,4",,Green / Silver,9.646,9
Avexir Blitz1.1 8 GB,,"3,1866","2,4",,Red / Silver,9.646,9
Avexir Blitz1.1 8 GB,,"3,1866","2,4",,Black / White,9.646,9
Avexir Blitz1.1 16 GB,,"3,1866","2,8",,Green / Silver,9.646,9
Avexir Blitz1.1 16 GB,,"3,1866","2,8",,Red / Silver,9.646,9
Avexir Blitz1.1 16 GB,,"3,1866","2,8",,Black / White,9.646,9
Avexir Blitz1.1 8 GB,,"3,2000","2,4",,Black / Red,9,9
Avexir Blitz1.1 8 GB,,"3,2000","2,4",,Green / Silver,9,9
Avexir Blitz1.1 8 GB,,"3,2000","2,4",,Black / White,9,9
Avexir Blitz1.1 16 GB,,"3,2000","2,8",,Black / Red,9,9
Avexir Blitz1.1 16 GB,,"3,2000","2,8",,Green / Silver,9,9
Avexir Blitz1.1 16 GB,,"3,2000","2,8",,Black / White,9,9
Avexir Blitz1.1 8 GB,,"3,2133","2,4",,Red / Silver,8.439,9
Avexir Blitz1.1 8 GB,,"3,2133","2,4",,Green / Silver,8.439,9
Avexir Blitz1.1 8 GB,,"3,2133","2,4",,Black / White,8.439,9
Avexir Blitz1.1 16 GB,,"3,2133","2,8",,Red / Silver,8.439,9
Avexir Blitz1.1 16 GB,,"3,2133","2,8",,Green / Silver,8.439,9
Avexir Blitz1.1 16 GB,,"3,2133","2,8",,Black / White,8.439,9
Avexir Blitz1.1 8 GB,,"3,2400","2,4",,Red / Silver,8.333,10
Avexir Blitz1.1 16 GB,,"3,2400","2,8",,Red / Silver,8.333,10
Avexir Blitz1.1 16 GB,,"3,2400","2,8",,Green / Silver,8.333,10
Avexir Blitz1.1 16 GB,,"3,2400","2,8",,Black / White,8.333,10
Kingston KVR16LR11S4K3/24 24 GB,,"3,1600","3,8",,Black / Green,13.75,11
Kingston KVR16LR11S4K3/24I 24 GB,,"3,1600","3,8",,Black / Green,13.75,11
Kingston KVR16LR11S4K4/32 32 GB,,"3,1600","4,8",,Black / Green,13.75,11
Kingston KVR16LR11S8K3/12I 12 GB,,"3,1600","3,4",,Black / Green,13.75,11
Kingston KVR16LR11S8K4/16I 16 GB,,"3,1600","4,4",,Black / Green,13.75,11
Kingston KVR16R11D8K3/24 24 GB,,"3,1600","3,8",,Black / Green,13.75,11
Kingston KVR16R11D8K3/24I 24 GB,171.48,"3,1600","3,8",,Black / Green,13.75,11
Kingston KVR16R11D8K4/32 32 GB,,"3,1600","4,8",,Black / Green,13.75,11
Kingston KVR16R11S4K3/24I 24 GB,,"3,1600","3,8",,Black / Green,13.75,11
Kingston KVR16R11S8K2/8 8 GB,,"3,1600","2,4",,Black / Green,13.75,11
Kingston KVR16R11S8K3/12 12 GB,,"3,1600","3,4",,Black / Green,13.75,11
Patriot PV38G186C0KGN 8 GB,,"3,1866","2,4",,Green,10.718,10
Kingston KVR16LR11D8/8HB 8 GB,,"3,1600","1,8",,Black / Green,13.75,11
Patriot Signature Line 4 GB,,"3,1333","1,4",,Black / Green,13.503,9
Patriot PS34G16ER-B 4 GB,,"3,1600","1,4",,Black / Green,13.75,11
Patriot Signature Line 8 GB,,"3,1333","2,4",,Black / Green,13.503,9
Kingston HyperX Fury 4 GB,,"3,1866","1,4",,Black,11.79,11
Corsair Vengeance Pro 32 GB,,"3,1600","4,8",,Black / Silver,13.75,11
Corsair Vengeance Pro 32 GB,,"3,1600","4,8",,Black / Red,13.75,11
Crucial Ballistix Sport 4 GB,,"3,1600","1,4",,Black / Silver,11.25,9
Mushkin ECO2 4 GB,,"3,1600","1,4",,Black / Silver,13.75,11
Mushkin ECO2 8 GB,,"3,1600","1,8",,Black / Silver,13.75,11
Mushkin ECO2 16 GB,,"3,1600","4,4",,Black / Silver,13.75,11
Mushkin ECO2 32 GB,,"3,1600","4,8",,Black / Silver,13.75,11
Mushkin ECO2 8 GB,,"3,1600","2,4",,Black / Silver,13.75,11
Mushkin ECO2 16 GB,,"3,1600","2,8",,Black / Silver,13.75,11
Corsair Vengeance Pro 16 GB,,"3,2133","2,8",,Black / Red,10.314,11
Corsair Vengeance Pro 32 GB,,"3,2133","4,8",,Black / Red,10.314,11
Crucial Ballistix Sport 8 GB,,"3,1600","2,4",,Blue / Silver,11.25,9
TEAMGROUP Vulcan 16 GB,,"3,1600","2,8",,Black / Gold,11.25,9
TEAMGROUP Vulcan 8 GB,,"3,1600","1,8",,Black / Gold,11.25,9
Mushkin Essentials 8 GB,,"3,1866","1,8",,Black / Green,13.934,13
Mushkin Essentials 8 GB,,"3,1866","2,4",,Black / Green,13.934,13
Mushkin Essentials 16 GB,,"3,1866","2,8",,Black / Green,13.934,13
Corsair Vengeance Pro 16 GB,,"3,1866","2,8",,Black / Red,11.79,11
Corsair Vengeance Pro 32 GB,,"3,1866","4,8",,Black / Silver,11.79,11
Corsair Vengeance Pro 8 GB,,"3,1866","2,4",,Black / Red,11.79,11
Panram PSD31333C92G2VS 4 GB,,"3,1333","2,2",,Black / Green,13.503,9
Panram PSD31333C94G2VS 8 GB,,"3,1333","2,4",,Black / Green,13.503,9
Panram PSD31600C114G2VS 8 GB,,"3,1600","2,4",,Black / Green,13.75,11
Panram PSD31600C114GVS 4 GB,,"3,1600","1,4",,Black / Green,13.75,11
Panram PSD3L1600C114G2VS 8 GB,,"3,1600","2,4",,Black / Green,13.75,11
Panram PSD3L1600C114GVS 4 GB,,"3,1600","1,4",,Black / Green,13.75,11
Panram PSD3L1600C118G2VS 16 GB,,"3,1600","2,8",,Black / Green,13.75,11
Panram Ninja 16 GB,,"3,1600","2,8",,Black / White,12.5,10
Panram Ninja 8 GB,,"3,1600","1,8",,Black / White,12.5,10
Panram Falcon 8 GB,,"3,1600","2,4",,Black / Red,11.25,9
Panram Falcon 4 GB,,"3,1600","1,4",,Black / Red,11.25,9
Panram Ninja 4 GB,,"3,1600","1,4",,Black / White,11.25,9
Panram Falcon 16 GB,,"3,1600","2,8",,Black / Red,11.25,9
Panram Ninja 16 GB,,"3,1600","2,8",,Black / White,11.25,9
Panram Falcon 8 GB,,"3,1600","1,8",,Black / Red,11.25,9
Panram Hercules 8 GB,,"3,1600","1,8",,Black / Gold,11.25,9
Panram Ninja 8 GB,,"3,1600","1,8",,Black / White,11.25,9
Panram Ninja 8 GB,,"3,1866","2,4",,Black / White,10.718,10
Panram PSD31600C118GVS 8 GB,,"3,1600","1,8",,Black / Green,13.75,11
Panram Falcon 8 GB,,"3,1866","2,4",,Black / Red,10.718,10
Panram Hercules 8 GB,,"3,1866","2,4",,Black / Red,10.718,10
Panram Falcon 16 GB,,"3,1866","2,8",,Black / Red,10.718,10
Panram Hercules 16 GB,,"3,1866","2,8",,Black / Red,10.718,10
Panram Ninja 16 GB,,"3,1866","2,8",,Black / Silver,10.718,10
Panram Falcon 8 GB,,"3,1866","1,8",,Black / Red,10.718,10
Panram Hercules 8 GB,,"3,2133","2,4",,Black / Red,9.376,10
Panram Falcon 16 GB,,"3,2133","2,8",,Black / Red,9.376,10
Corsair Vengeance Performance 8 GB,,"3,2133","2,4",,Black / Yellow,10.314,11
Kingston D1G64KL110 8 GB,,"3,1600","1,8",,Black / Green,13.75,11
Panram Ninja 4 GB,,"3,1600","1,4",,Red / Silver,13.75,11
Panram Ninja 16 GB,,"3,1600","2,8",,Red / Silver,13.75,11
Panram Ninja 8 GB,,"3,1600","1,8",,Red / Silver,13.75,11
Panram Ninja 8 GB,,"3,1600","2,4",,Red / Silver,11.25,9
Panram Ninja 4 GB,,"3,1600","1,4",,Red / Silver,11.25,9
Panram Ninja 16 GB,,"3,1600","2,8",,Red / Silver,11.25,9
Panram Ninja 8 GB,,"3,1600","1,8",,Red / Silver,11.25,9
AMD R5 Entertainment 16 GB,,"3,1600","2,8",,Black / Red,13.75,11
AMD R5 Entertainment 4 GB,,"3,1600","1,4",,Black / Red,13.75,11
AMD R5 Entertainment 8 GB,,"3,1600","1,8",,Black / Red,13.75,11
AMD R5 Entertainment 8 GB,,"3,1600","2,4",,Black / Red,13.75,11
PNY NHS 16 GB,,"3,1600","2,8",,Black / Green,13.75,11
PNY NHS 4 GB,,"3,1600","1,4",,Black / Green,13.75,11
PNY NHS 8 GB,,"3,1600","2,4",,Black / Green,13.75,11
Panram PSD3L1600C118GVS 8 GB,,"3,1600","1,8",,Black / Green,13.75,11
Panram Ninja 8 GB,,"3,1600","2,4",,Red / Silver,13.75,11
Panram Ninja 8 GB,,"3,1866","2,4",,Red / Silver,10.718,10
Panram Ninja 16 GB,,"3,1866","2,8",,Red / Silver,10.718,10
Crucial CT2K25664BA160BA 4 GB,,"3,1600","2,2",,Black / Green,13.75,11
Corsair Dominator Platinum 8 GB,,"3,2666","2,4",,Black / Silver,8.252,11
Kingston KVR18R13S8L/4 4 GB,,"3,1866","1,4",,Black / Green,13.934,13
Mushkin Essentials 16 GB,,"3,1600","1,16",,Black / Blue,13.75,11
Avexir Budget 4 GB,,"3,1600","1,4",,Black,13.75,11
Avexir Budget 8 GB,,"3,1600","1,8",,Black,13.75,11
Corsair Vengeance Pro 16 GB,,"3,2133","2,8",,Black / Silver,10.314,11
Klevv Fit 8 GB,,"3,1600","2,4",,Black / Silver,11.25,9
Klevv FIT Faker Edition 8 GB,,"3,1600","2,4",,Blue / White,11.25,9
Crucial CT2KIT25664BA160BJ 4 GB,34.99,"3,1600","2,2",8.748,Black / Green,13.75,11
Avexir Budget 4 GB,,"3,1333","1,4",,Black,13.503,9
Crucial Ballistix Elite 8 GB,,"3,2133","2,4",,Black,10.314,11
Crucial Ballistix Elite 16 GB,,"3,2133","2,8",,Black,10.314,11
Crucial Ballistix Elite 4 GB,,"3,2133","1,4",,Black,10.314,11
Crucial Ballistix Elite 8 GB,,"3,2133","1,8",,Black,10.314,11
Mushkin Essentials 4 GB,,"3,1600","1,4",,Black / Green,11.25,9
Mushkin Essentials 8 GB,,"3,1600","2,4",,Black / Green,11.25,9
Mushkin Essentials 8 GB,,"3,1600","1,8",,Black / Green,11.25,9
Mushkin Essentials 4 GB,,"3,1600","1,4",,Black / Green,11.25,9
Mushkin Essentials 8 GB,,"3,1600","2,4",,Black / Green,11.25,9
Mushkin Essentials 8 GB,,"3,1600","1,8",,Black / Green,11.25,9
Mushkin Essentials 16 GB,,"3,1600","2,8",,Black / Green,11.25,9
Samsung M393B2G70BH0-CMAQ8M 16 GB,,"3,1866","1,16",,Black / Green,13.934,13
Crucial Ballistix Tactical 8 GB,,"3,2133","2,4",,Yellow,10.314,11
Crucial CT2K8G3ERVLD8160B 16 GB,,"3,1600","2,8",,Black,13.75,11
Crucial CT2KIT51272BA186DJ 8 GB,,"3,1866","2,4",,Black / Green,13.934,13
Avexir Core 4 GB,,"3,1600","1,4",,Black / Green,13.75,11
Avexir Core 8 GB,,"3,1600","2,4",,Black / Green,13.75,11
Avexir Core 8 GB,,"3,1600","1,8",,Black / Green,13.75,11
Avexir Core 16 GB,,"3,1600","2,8",,Black / Green,13.75,11
Kingston KVR16E11K3/24I 24 GB,,"3,1600","3,8",,Black / Green,13.75,11
Kingston KVR16LR11D4K4/64I 64 GB,,"3,1600","4,16",,Black / Green,13.75,11
Corsair Mac Memory 16 GB,,"3,1866","2,8",,Green,11.79,11
Corsair Mac Memory 32 GB,,"3,1866","4,8",,Green,11.79,11
Mushkin Essentials 8 GB,,"3,1333","2,4",,Black / Green,13.503,9
Kingston KCP316SD8/8 8 GB,19,"3,1600","1,8",2.375,Black / Green,13.75,11
Micron MT18KSF51272HZ-1G6K2 4 GB,,"3,1600","1,4",,,13.75,11
ADATA XPG V1.0 8 GB,,"3,1600","2,4",,Red / White,13.75,11
ADATA XPG V1.0 16 GB,,"3,1600","2,8",,Red / White,13.75,11
Corsair Vengeance Performance 16 GB,,"3,1866","2,8",,Black / Yellow,11.79,11
Avexir Core 16 GB,,"3,1600","4,4",,Black / Green,11.25,9
Avexir Blitz 1.1 8 GB,,"3,2133","2,4",,Black / Red,8.439,9
Avexir Core 8 GB,,"3,2133","2,4",,Gold / Black,10.314,11
Avexir Core 8 GB,,"3,2133","2,4",,Black / Green,10.314,11
Avexir Blitz 1.1 16 GB,,"3,2133","2,8",,Black / Red,8.439,9
Avexir Core 16 GB,,"3,2133","2,8",,Black / Green,10.314,11
Avexir Blitz 1.1 8 GB,,"3,2400","2,4",,Black / Red,8.333,10
Avexir Blitz 1.1 8 GB,,"3,2400","2,4",,Black / Yellow,8.333,10
Avexir Core 16 GB,,"3,2400","4,4",,,8.333,10
Avexir Blitz 1.1 16 GB,,"3,2400","2,8",,Black / Red,8.333,10
Avexir Blitz 1.1 32 GB,,"3,2400","4,8",,Black / Yellow,8.333,10
Avexir MPower 8 GB,,"3,2666","2,4",,Yellow / Black,8.252,11
Avexir Core 8 GB,,"3,2666","2,4",,Black / Red,9.002,12
Avexir Core 8 GB,,"3,2933","2,4",,Red / Black,8.183,12
TEAMGROUP Elite 4 GB,,"3,1333","1,4",,Green / Black,13.503,9
TEAMGROUP Vulcan 16 GB,,"3,1600","2,8",,Orange,11.25,9
TEAMGROUP T-Force Vulcan 16 GB,,"3,2133","2,8",,Orange,10.314,11
TEAMGROUP Xtreem LV 8 GB,,"3,2666","2,4",,Red / Black,7.502,10
Crucial Ballistix Elite 8 GB,,"3,2000","2,4",,Black,9,9
VisionTek 900384 2 GB,,"3,1333","1,2",,Black / Green,13.503,9
VisionTek 900849 8 GB,,"3,1866","1,8",,Green / Black,13.934,13
Crucial CT102464BF186D 8 GB,26.49,"3,1866","1,8",3.311,Green / Black,13.934,13
Crucial CT25664BD160BJ 2 GB,19.98,"3,1600","1,2",9.99,Green / Black,13.75,11
Crucial CT2K25664BD160BA 4 GB,,"3,1600","2,2",,Green / Black,13.75,11
Crucial CT2K8G3ERSLD8160B 16 GB,,"3,1600","2,8",,Green / Black,13.75,11
Crucial CT2K8G3ERSLS4160B 16 GB,188.73,"3,1600","2,8",11.796,Green / Black,13.75,11
Crucial CT3K8G3ERSLD8160B 24 GB,,"3,1600","3,8",,Green / Black,13.75,11
Crucial CT8G3ERSDD8186D 8 GB,38.99,"3,1866","1,8",4.874,Green / Black,13.934,13
Patriot Signature Line 4 GB,48.44,"3,1600","1,4",12.11,Green / Black,13.75,11
Crucial CT102472BF160B 8 GB,44.99,"3,1600","1,8",5.624,Green / Black,13.75,11
Klevv Fit 16 GB,,"3,2133","2,8",,Silver / Black,9.376,10
Neo Forza NMUD340D81-1600CA10 4 GB,,"3,1600","1,4",,,13.75,11
Silicon Power SP016GBLTU160ND2J7 16 GB,,"3,1600","2,8",,Gray,13.75,11
Silicon Power SP016GLSTU160N22IP 16 GB,,"3,1600","2,8",,Green,13.75,11
Mushkin Redline 16 GB,,"3,2400","2,8",,Black,9.167,11
Mushkin Redline 8 GB,,"3,2400","2,4",,Black,9.167,11
Mushkin Redline 8 GB,,"3,2133","2,4",,Black,9.376,10
Mushkin Redline 16 GB,,"3,2133","2,8",,Black,9.376,10
Mushkin Redline 16 GB,,"3,1600","2,8",,Black,11.25,9
Mushkin Redline 8 GB,,"3,1600","2,4",,Black,11.25,9
G.Skill Ares 8 GB,,"3,1600","1,8",,Blue,11.25,9
G.Skill Ares 4 GB,,"3,1600","1,4",,Orange,11.25,9
G.Skill Ares 32 GB,,"3,1600","4,8",,Blue,11.25,9
G.Skill Ares 64 GB,,"3,1333","8,8",,Orange,13.503,9
Samsung M393B1G73BH0-CK0 8 GB,,"3,1600","1,8",,Green / Black,13.75,11
G.Skill Performance 4 GB,,"3,1333","2,2",,Blue,13.503,9
G.Skill Sniper 8 GB,,"3,1333","2,4",,Black,13.503,9
G.Skill Performance 2 GB,,"3,1333","1,2",,Red,13.503,9
G.Skill Sniper 4 GB,,"3,1333","1,4",,Black,13.503,9
G.Skill Ripjaws X 4 GB,,"3,1333","1,4",,Red,13.503,9
G.Skill Sniper 16 GB,,"3,1600","4,4",,Black,8.75,7
G.Skill Performance 2 GB,,"3,1600","1,2",,Red,11.25,9
G.Skill Value 2 GB,,"3,1600","1,2",,Black,11.25,9
G.Skill Value 4 GB,,"3,1600","1,4",,Black,11.25,9
G.Skill Sniper 16 GB,,"3,1866","4,4",,Black,9.646,9
G.Skill Value 16 GB,,"3,1866","2,8",,Black,11.79,11
G.Skill Value 8 GB,,"3,1866","1,8",,Black,11.79,11
G.Skill Ripjaws X 8 GB,,"3,1866","1,8",,Blue,9.646,9
G.Skill Sniper 8 GB,,"3,2133","1,8",,Black,9.376,10
G.Skill Trident X 8 GB,,"3,2800","2,4",,Red / Black,7.857,11
Mushkin Proline 32 GB,,"3,1866","2,16",,,13.934,13
Mushkin Proline 32 GB,,"3,1866","2,16",,,13.934,13
Mushkin Proline 16 GB,,"3,1866","2,8",,,13.934,13
Mushkin Proline 16 GB,,"3,1866","2,8",,,13.934,13
Mushkin Proline 4 GB,,"3,1866","1,4",,,13.934,13
Mushkin Proline 4 GB,,"3,1866","1,4",,,13.934,13
Mushkin Proline 4 GB,,"3,1866","1,4",,,13.934,13
Mushkin Proline 8 GB,,"3,1866","1,8",,,13.934,13
Mushkin Proline 8 GB,,"3,1866","1,8",,,13.934,13
Mushkin Proline 8 GB,,"3,1866","1,8",,,13.934,13
Mushkin Proline 8 GB,,"3,1866","1,8",,,13.934,13
Mushkin Proline 16 GB,,"3,1866","1,16",,,13.934,13
Mushkin Proline 16 GB,,"3,1866","1,16",,,13.934,13
Mushkin Proline 16 GB,,"3,1866","4,4",,,13.934,13
Mushkin Proline 32 GB,,"3,1866","4,8",,,13.934,13
Mushkin Proline 32 GB,,"3,1866","4,8",,,13.934,13
Mushkin Proline 64 GB,,"3,1866","4,16",,,13.934,13
Mushkin Proline 64 GB,,"3,1866","4,16",,,13.934,13
Mushkin Proline 8 GB,,"3,1866","2,4",,,13.934,13
Mushkin Proline 12 GB,,"3,1333","3,4",,,13.503,9
Mushkin Proline 12 GB,,"3,1333","3,4",,,13.503,9
Mushkin Proline 12 GB,,"3,1066","3,4",,,13.133,7
Mushkin Proline 24 GB,,"3,1333","3,8",,,13.503,9
Mushkin Proline 12 GB,,"3,1333","3,4",,,13.503,9
Mushkin Proline 6 GB,,"3,1333","3,2",,,13.503,9
Mushkin Proline 2 GB,,"3,1333","1,2",,,13.503,9
Mushkin Proline 3 GB,,"3,1333","3,1",,,13.503,9
Mushkin Proline 24 GB,,"3,1066","3,8",,,13.133,7
Mushkin Proline 12 GB,,"3,1066","3,4",,,13.133,7
Mushkin Proline 6 GB,,"3,1066","3,2",,,13.133,7
Mushkin Proline 8 GB,,"3,1333","2,4",,,13.503,9
Mushkin Proline 8 GB,,"3,1333","2,4",,,13.503,9
Mushkin Proline 8 GB,,"3,1333","2,4",,,13.503,9
Mushkin Proline 8 GB,,"3,1066","2,4",,,13.133,7
Mushkin Proline 4 GB,,"3,1333","1,4",,,13.503,9
Mushkin Proline 4 GB,,"3,1066","1,4",,,13.133,7
Mushkin Proline 4 GB,,"3,1333","1,4",,,13.503,9
Mushkin Proline 4 GB,,"3,1066","1,4",,,13.133,7
Mushkin Proline 16 GB,,"3,1066","1,16",,,13.133,7
Mushkin Proline 4 GB,,"3,1333","1,4",,,13.503,9
Mushkin Proline 4 GB,,"3,1333","1,4",,,13.503,9
Mushkin Proline 4 GB,,"3,1066","1,4",,,13.133,7
Mushkin Proline 4 GB,,"3,1333","1,4",,,13.503,9
Mushkin Proline 2 GB,,"3,1333","1,2",,,13.503,9
Mushkin Proline 2 GB,,"3,1333","1,2",,,13.503,9
Mushkin Proline 1 GB,,"3,1333","1,1",,,13.503,9
Mushkin Proline 4 GB,,"3,1066","1,4",,,13.133,7
Mushkin Proline 2 GB,,"3,1066","1,2",,,13.133,7
Mushkin Proline 1 GB,,"3,1066","1,1",,,13.133,7
Mushkin Redline ST 16 GB,,"3,2400","2,8",,Black,9.167,11
Mushkin Redline ST 8 GB,,"3,2400","2,4",,Black,9.167,11
Mushkin Redline ST 8 GB,,"3,2133","2,4",,Black,9.376,10
Mushkin Redline ST 16 GB,,"3,2133","2,8",,Black,9.376,10
Mushkin Redline ST 16 GB,,"3,1600","2,8",,Black,11.25,9
Mushkin Redline ST 8 GB,,"3,1600","2,4",,Black,11.25,9
